customer_id,churn_probability,predicted_class,risk_level
7590-VHVEG,0.6486,1,Medium
5575-GNVDE,0.0604,0,Low
3668-QPYBK,0.6299,1,Medium
7795-CFOCW,0.0353,0,Low
9237-HQITU,0.8828,1,High
9305-CDSKC,0.9117,1,High
1452-KIOVK,0.4837,1,Medium
6713-OKOMC,0.3218,0,Low
7892-POOKP,0.7216,1,High
6388-TABGU,0.0343,0,Low
9763-GRSKD,0.2071,0,Low
7469-LKBCI,0.0252,0,Low
8091-TTVAX,0.2377,0,Low
0280-XJGEX,0.6507,1,Medium
5129-JLPIS,0.5271,1,Medium
3655-SNQYZ,0.0236,0,Low
8191-XWSZG,0.0221,0,Low
9959-WOFKT,0.0909,0,Low
4190-MFLUW,0.2935,0,Low
4183-MYFRB,0.6803,1,Medium
8779-QRDMV,0.8674,1,High
1680-VDCWW,0.0834,0,Low
1066-JKSGK,0.5808,1,Medium
3638-WEABW,0.0426,0,Low
6322-HRPFA,0.1314,0,Low
6865-JZNKO,0.2375,0,Low
6467-CHFZW,0.6984,1,Medium
8665-UTDHZ,0.5465,1,Medium
5248-YGIJN,0.0117,0,Low
8773-HHUOZ,0.4518,1,Medium
3841-NFECX,0.043,0,Low
4929-XIHVW,0.6559,1,Medium
6827-IEAUQ,0.0918,0,Low
7310-EGVHZ,0.5038,1,Medium
3413-BMNZE,0.6555,1,Medium
6234-RAAPL,0.0514,0,Low
6047-YHPVI,0.845,1,High
6572-ADKRS,0.4075,1,Medium
5380-WJKOV,0.7838,1,High
8168-UQWWF,0.8381,1,High
8865-TNMNX,0.1839,0,Low
9489-DEDVP,0.0308,0,Low
9867-JCZSP,0.0272,0,Low
4671-VJLCL,0.0595,0,Low
4080-IIARD,0.3116,0,Low
3714-NTNFO,0.7701,1,High
5948-UJZLF,0.5445,1,Medium
7760-OYPDY,0.9119,1,High
7639-LIAYI,0.0553,0,Low
2954-PIBKO,0.0299,0,Low
8012-SOUDQ,0.6808,1,Medium
9420-LOJKX,0.6567,1,Medium
6575-SUVOI,0.1984,0,Low
7495-OOKFY,0.6441,1,Medium
4667-QONEA,0.1541,0,Low
1658-BYGOY,0.8324,1,High
8769-KKTPH,0.22,0,Low
5067-XJQFU,0.2695,0,Low
3957-SQXML,0.012,0,Low
5954-BDFSG,0.1123,0,Low
0434-CSFON,0.7239,1,High
1215-FIGMP,0.4557,1,Medium
0526-SXDJP,0.0321,0,Low
0557-ASKVU,0.1164,0,Low
5698-BQJOH,0.7559,1,High
5122-CYFXA,0.4222,1,Medium
8627-ZYGSZ,0.2149,0,Low
3410-YOQBQ,0.0514,0,Low
3170-NMYVV,0.0232,0,Low
7410-OIEDU,0.4581,1,Medium
2273-QCKXA,0.4271,1,Medium
0731-EBJQB,0.0715,0,Low
1891-QRQSA,0.0916,0,Low
8028-PNXHQ,0.0107,0,Low
5630-AHZIL,0.3634,0,Low
2673-CXQEU,0.2913,0,Low
6416-JNVRK,0.1314,0,Low
5590-ZSKRV,0.2953,0,Low
0191-ZHSKZ,0.2704,0,Low
3887-PBQAO,0.0451,0,Low
5919-TMRGD,0.8401,1,High
8108-UXRQN,0.3381,0,Low
9191-MYQKX,0.7609,1,High
9919-YLNNG,0.3801,0,Low
0318-ZOPWS,0.0104,0,Low
4445-ZJNMU,0.7627,1,High
4808-YNLEU,0.0601,0,Low
1862-QRWPE,0.0117,0,Low
2796-NNUFI,0.0105,0,Low
3016-KSVCP,0.3232,0,Low
4767-HZZHQ,0.2791,0,Low
2424-WVHPL,0.5166,1,Medium
7233-PAHHL,0.0332,0,Low
6067-NGCEU,0.2794,0,Low
9848-JQJTX,0.2324,0,Low
8637-XJIVR,0.6796,1,Medium
9803-FTJCG,0.0817,0,Low
0278-YXOOG,0.3887,0,Low
3212-KXOCR,0.0261,0,Low
4598-XLKNJ,0.7268,1,High
6380-ARCEH,0.6498,1,Medium
3679-XASPY,0.389,0,Low
7123-WQUHX,0.1427,0,Low
5386-THSLQ,0.1001,0,Low
3192-NQECA,0.3339,0,Low
6180-YBIQI,0.5125,1,Medium
6728-DKUCO,0.169,0,Low
9750-BOOHV,0.0792,0,Low
8597-CWYHH,0.207,0,Low
2848-YXSMW,0.0021,0,Low
0486-HECZI,0.4429,1,Medium
4549-ZDQYY,0.0426,0,Low
5712-AHQNN,0.6237,1,Medium
4846-WHAFZ,0.758,1,High
5256-SKJGO,0.0907,0,Low
3071-VBYPO,0.3651,0,Low
9560-BBZXK,0.0647,0,Low
5299-RULOA,0.7953,1,High
8402-OOOHJ,0.0054,0,Low
9445-ZUEQE,0.2871,0,Low
1091-SOZGA,0.2038,0,Low
2928-HLDBA,0.2738,0,Low
0404-SWRVG,0.9046,1,High
6497-TILVL,0.2897,0,Low
7219-TLZHO,0.2888,0,Low
4622-YNKIJ,0.2132,0,Low
4412-YLTKF,0.7629,1,High
6734-PSBAW,0.0075,0,Low
3930-ZGWVE,0.5048,1,Medium
2639-UGMAZ,0.1913,0,Low
2876-GZYZC,0.8624,1,High
6207-WIOLX,0.5111,1,Medium
8587-XYZSF,0.0598,0,Low
3091-FYHKI,0.883,1,High
2372-HWUHI,0.7392,1,High
7799-LGRDP,0.0249,0,Low
7850-VWJUU,0.4634,1,Medium
3774-VBNXY,0.0173,0,Low
6217-KDYWC,0.0176,0,Low
0390-DCFDQ,0.8069,1,High
3146-MSEGF,0.0131,0,Low
4080-OGPJL,0.5553,1,Medium
1095-WGNGG,0.1821,0,Low
2636-SJDOU,0.1104,0,Low
1131-QQZEB,0.0143,0,Low
5716-EZXZN,0.0418,0,Low
6837-BJYDQ,0.0883,0,Low
2135-RXIHG,0.8454,1,High
6440-DKQGE,0.0983,0,Low
3466-BYAVD,0.2342,0,Low
3780-YVMFA,0.5019,1,Medium
3874-EQOEP,0.7792,1,High
1679-JRFBR,0.1671,0,Low
9073-ZZIAY,0.0582,0,Low
3077-RSNTJ,0.146,0,Low
6551-GNYDG,0.6509,1,Medium
9167-APMXZ,0.5543,1,Medium
2749-CTKAJ,0.0281,0,Low
6371-NZYEG,0.0393,0,Low
7554-NEWDD,0.0669,0,Low
8992-VONJD,0.3883,0,Low
0867-MKZVY,0.5263,1,Medium
4482-EWFMI,0.8726,1,High
4648-YPBTM,0.0646,0,Low
2907-ILJBN,0.0666,0,Low
6345-FZOQH,0.0029,0,Low
3376-BMGFE,0.8121,1,High
5997-OPVFA,0.0043,0,Low
3445-HXXGF,0.5838,1,Medium
1159-WFSGR,0.1525,0,Low
7654-YWJUF,0.1123,0,Low
1875-QIVME,0.7764,1,High
6727-IOTLZ,0.0718,0,Low
0691-JVSYA,0.3173,0,Low
5918-VUKWP,0.021,0,Low
1744-JHKYS,0.154,0,Low
2656-FMOKZ,0.7418,1,High
2070-FNEXE,0.4479,1,Medium
5947-SGKCL,0.6878,1,Medium
3712-PKXZA,0.0429,0,Low
6317-YPKDH,0.5887,1,Medium
6582-OIVSP,0.5875,1,Medium
9367-WXLCH,0.7275,1,High
5524-KHNJP,0.1354,0,Low
1918-ZBFQJ,0.8195,1,High
1024-GUALD,0.7684,1,High
4827-USJHP,0.3174,0,Low
8167-GJLRN,0.435,1,Medium
0956-SYCWG,0.0803,0,Low
8017-UVSZU,0.1607,0,Low
7100-FQPRV,0.1534,0,Low
2472-OVKUP,0.8817,1,High
2984-RGEYA,0.0028,0,Low
9680-NIAUV,0.0505,0,Low
2146-EGVDT,0.0038,0,Low
2604-IJPDU,0.5793,1,Medium
9178-JHUVJ,0.025,0,Low
6168-YBYNP,0.4959,1,Medium
7255-SSFBC,0.04,0,Low
3645-DEYGF,0.3444,0,Low
9323-HGFWY,0.2716,0,Low
8544-GOQSH,0.5032,1,Medium
3363-DTIVD,0.1448,0,Low
7018-WBJNK,0.5803,1,Medium
9142-KZXOP,0.345,0,Low
7674-YTAFD,0.101,0,Low
6348-SNFUS,0.0152,0,Low
1285-OKIPP,0.8357,1,High
7825-ECJRF,0.6268,1,Medium
1347-KTTTA,0.25,0,Low
7841-TZDMQ,0.7321,1,High
4195-NZGTA,0.5589,1,Medium
7157-SMCFK,0.0276,0,Low
4709-LKHYG,0.038,0,Low
2504-DSHIH,0.4957,1,Medium
0699-NDKJM,0.2155,0,Low
9286-BHDQG,0.0071,0,Low
0230-WEQUW,0.0105,0,Low
2040-LDIWQ,0.0196,0,Low
6496-JDSSB,0.6133,1,Medium
9408-SSNVZ,0.8861,1,High
4443-EMBNA,0.0052,0,Low
6469-MRVET,0.1773,0,Low
0742-MOABM,0.4343,1,Medium
5961-VUSRV,0.0718,0,Low
6778-JFCMK,0.1867,0,Low
6341-JVQGF,0.1148,0,Low
2232-DMLXU,0.6483,1,Medium
4811-JBUVU,0.2758,0,Low
0945-TSONX,0.0224,0,Low
2651-ZCBXV,0.1659,0,Low
3316-UWXUY,0.196,0,Low
8937-RDTHP,0.6624,1,Medium
7083-MIOPC,0.0024,0,Low
1984-GPTEH,0.1597,0,Low
1251-KRREG,0.6885,1,Medium
0621-JFHOL,0.1245,0,Low
9903-LYSAB,0.6896,1,Medium
0094-OIFMO,0.8507,1,High
9227-UAQFT,0.023,0,Low
7301-ABVAD,0.0263,0,Low
6614-FHDBO,0.0828,0,Low
7576-ASEJU,0.1563,0,Low
9058-HRZSV,0.2439,0,Low
4522-AKYLR,0.4524,1,Medium
0221-WMXNQ,0.4908,1,Medium
0303-UNCIP,0.1626,0,Low
9947-OTFQU,0.7994,1,High
0322-YINQP,0.6395,1,Medium
0959-WHOKV,0.2939,0,Low
4075-JFPGR,0.3142,0,Low
4629-NRXKX,0.7208,1,High
9514-JDSKI,0.6821,1,Medium
3282-ZISZV,0.1477,0,Low
3675-YDUPJ,0.2168,0,Low
4111-BNXIF,0.0546,0,Low
7017-VFHAY,0.0494,0,Low
6655-LHBYW,0.2029,0,Low
4959-JOSRX,0.6957,1,Medium
5046-NUHWD,0.3465,0,Low
7273-TEFQD,0.7818,1,High
3606-TWKGI,0.8674,1,High
7529-ZDFXI,0.7265,1,High
7605-BDWDC,0.0634,0,Low
1950-KSVVJ,0.2355,0,Low
0123-CRBRT,0.0247,0,Low
6292-TOSSS,0.03,0,Low
3197-ARFOY,0.532,1,Medium
6323-AYBRX,0.2689,0,Low
7014-ZZXAW,0.0211,0,Low
4385-GZQXV,0.6956,1,Medium
7633-MVPUY,0.0375,0,Low
6366-ZGQGL,0.6554,1,Medium
4716-HHKQH,0.4526,1,Medium
5940-AHUHD,0.8116,1,High
6432-TWQLB,0.7546,1,High
4484-GLZOU,0.7932,1,High
3179-GBRWV,0.2992,0,Low
8645-KWHJO,0.4356,1,Medium
4130-MZLCC,0.4054,1,Medium
0314-TKOSI,0.2874,0,Low
8229-MYEJZ,0.3559,0,Low
2080-SRCDE,0.4131,1,Medium
9577-WJVCQ,0.1291,0,Low
9512-UIBFX,0.506,1,Medium
6202-DYYFX,0.1445,0,Low
3808-HFKDE,0.5181,1,Medium
5583-SXDAG,0.8039,1,High
3488-PGMQJ,0.8652,1,High
3580-REOAC,0.5163,1,Medium
7534-BFESC,0.7912,1,High
3727-OWVYD,0.0718,0,Low
2294-SALNE,0.1399,0,Low
4847-TAJYI,0.8934,1,High
1563-IWQEX,0.2279,0,Low
8203-XJZRC,0.5676,1,Medium
6556-DBKZF,0.1653,0,Low
6851-WEFYX,0.7915,1,High
2985-JUUBZ,0.3993,0,Low
6390-DSAZX,0.711,1,High
0895-LMRSF,0.2631,0,Low
8098-LLAZX,0.9294,1,High
8266-VBFQL,0.6939,1,Medium
8181-YHCMF,0.0097,0,Low
2240-HSJQD,0.3895,0,Low
1248-DYXUB,0.0263,0,Low
0265-EDXBD,0.7585,1,High
4115-BNPJY,0.0347,0,Low
3167-SNQPL,0.4949,1,Medium
4091-TVOCN,0.1515,0,Low
1098-TDVUQ,0.4426,1,Medium
7277-OZCGZ,0.5431,1,Medium
1557-EMYVT,0.0965,0,Low
2799-ARNLO,0.7272,1,High
7563-BIUPC,0.8713,1,High
5027-YOCXN,0.2419,0,Low
3973-SKMLN,0.0487,0,Low
2321-OMBXY,0.352,0,Low
2840-XANRC,0.7456,1,High
6745-JEFZB,0.3141,0,Low
5020-ZSTTY,0.2341,0,Low
9880-TDQAC,0.0797,0,Low
8705-WZCYL,0.7566,1,High
7102-JJVTX,0.0996,0,Low
8626-PTQGE,0.0172,0,Low
4983-CLMLV,0.3986,0,Low
5701-YVSVF,0.6478,1,Medium
5804-LEPIM,0.8887,1,High
5697-GOMBF,0.419,1,Medium
2739-CACDQ,0.5092,1,Medium
9385-EHGDO,0.0289,0,Low
9498-FIMXL,0.0555,0,Low
2379-GYFLQ,0.1737,0,Low
0122-OAHPZ,0.908,1,High
2868-SNELZ,0.7806,1,High
4322-RCYMT,0.2374,0,Low
6680-NENYN,0.3966,0,Low
2088-IEBAU,0.0627,0,Low
7982-VCELR,0.5327,1,Medium
1343-EHPYB,0.7687,1,High
6035-BXTTY,0.1974,0,Low
6885-PKOAM,0.0082,0,Low
7520-HQWJU,0.1602,0,Low
9639-BUJXT,0.028,0,Low
5924-SNGKP,0.047,0,Low
0021-IKXGC,0.7805,1,High
2034-GDRCN,0.8935,1,High
8966-SNIZF,0.0043,0,Low
6243-OZGFH,0.5948,1,Medium
4654-DLAMQ,0.1106,0,Low
0513-RBGPE,0.0547,0,Low
5160-UXJED,0.1142,0,Low
4115-NZRKS,0.9017,1,High
0219-YTZUE,0.8599,1,High
0623-IIHUG,0.5929,1,Medium
4572-DVCGN,0.7241,1,High
3351-NGXYI,0.5068,1,Medium
8984-EYLLL,0.136,0,Low
9057-MSWCO,0.3954,0,Low
9833-TGFHX,0.2232,0,Low
9294-TDIPC,0.172,0,Low
5229-DTFYB,0.1031,0,Low
0104-PPXDV,0.0648,0,Low
5176-LMJXE,0.0073,0,Low
3583-KRKMD,0.3551,0,Low
1010-DIAUQ,0.7543,1,High
9069-LGEUL,0.2684,0,Low
7302-ZHMHP,0.3505,0,Low
9571-EDEBV,0.2979,0,Low
3520-FJGCV,0.033,0,Low
6563-VRERX,0.0122,0,Low
0259-GBZSH,0.9313,1,High
6122-EFVKN,0.0323,0,Low
2805-EDJPQ,0.098,0,Low
6862-CQUMB,0.4218,1,Medium
7156-MXBJE,0.163,0,Low
6158-HDPXZ,0.63,1,Medium
9601-BRXPO,0.6621,1,Medium
2863-IMQDR,0.0317,0,Low
5686-CMAWK,0.2335,0,Low
5651-CRHKQ,0.0857,0,Low
6905-NIQIN,0.6612,1,Medium
8204-YJCLA,0.0307,0,Low
5167-ZFFMM,0.8185,1,High
6583-SZVGP,0.2607,0,Low
4895-TMWIR,0.2647,0,Low
0533-BNWKF,0.687,1,Medium
1708-PBBOA,0.0953,0,Low
8782-LKFPK,0.4504,1,Medium
5522-JBWMO,0.5812,1,Medium
3597-MVHJT,0.6407,1,Medium
9774-NRNAU,0.1596,0,Low
0224-RLWWD,0.7717,1,High
9967-ATRFS,0.1895,0,Low
3951-NJCVI,0.786,1,High
2977-CEBSX,0.0246,0,Low
0177-PXBAT,0.3432,0,Low
6599-CEBNN,0.5713,1,Medium
2519-ERQOJ,0.2053,0,Low
5876-QMYLD,0.0214,0,Low
2277-AXSDC,0.0356,0,Low
9442-JTWDL,0.0312,0,Low
0979-PHULV,0.4749,1,Medium
3067-SVMTC,0.0421,0,Low
5495-GPSRW,0.0456,0,Low
7606-BPHHN,0.04,0,Low
4742-DRORA,0.1494,0,Low
0111-KLBQG,0.5432,1,Medium
4800-VHZKI,0.6948,1,Medium
7989-CHGTL,0.5426,1,Medium
0334-GDDSO,0.9139,1,High
4163-NCJAK,0.0381,0,Low
5233-AOZUF,0.7165,1,High
5973-EJGDP,0.5,1,Medium
1996-DBMUS,0.3849,0,Low
7916-VCCPB,0.3818,0,Low
4686-GEFRM,0.0792,0,Low
5249-QYHEX,0.0336,0,Low
0578-SKVMF,0.5469,1,Medium
5564-NEMQO,0.8577,1,High
2233-FAGXV,0.2502,0,Low
5605-IYGFG,0.6315,1,Medium
7663-ZTEGJ,0.1579,0,Low
3935-TBRZZ,0.0105,0,Low
8111-BKVDS,0.301,0,Low
2055-SIFSS,0.1795,0,Low
2806-MLNTI,0.335,0,Low
8734-DKSTZ,0.5852,1,Medium
4360-PNRQB,0.5473,1,Medium
6152-ONASV,0.0332,0,Low
9063-ZGTUY,0.325,0,Low
7781-HVGMK,0.0121,0,Low
2181-UAESM,0.4688,1,Medium
2957-LOLHO,0.444,1,Medium
6048-NJXHX,0.0443,0,Low
2320-SLKMB,0.2387,0,Low
4980-URKXC,0.0567,0,Low
4376-KFVRS,0.0324,0,Low
5886-VLQVU,0.3457,0,Low
3577-AMVUX,0.4028,1,Medium
0771-WLCLA,0.5252,1,Medium
5628-RKIFK,0.3337,0,Low
0206-TBWLC,0.2254,0,Low
2937-FTHUR,0.3045,0,Low
1910-FMXJM,0.4627,1,Medium
7752-XUSCI,0.743,1,High
4110-PFEUZ,0.8491,1,High
0732-OCQOC,0.0109,0,Low
5168-MSWXT,0.5445,1,Medium
1090-ESELR,0.0457,0,Low
8592-PLTMQ,0.028,0,Low
5760-WRAHC,0.2043,0,Low
8847-GEOOQ,0.1637,0,Low
0256-LTHVJ,0.6408,1,Medium
4785-FCIFB,0.005,0,Low
8313-NDOIA,0.8029,1,High
5149-CUZUJ,0.1065,0,Low
0942-KOWSM,0.0582,0,Low
4237-CLSMM,0.3679,0,Low
1452-VOQCH,0.8726,1,High
4719-UMSIY,0.1518,0,Low
6614-VBEGU,0.3228,0,Low
0880-TKATG,0.7787,1,High
3811-VBYBZ,0.8292,1,High
1480-BKXGA,0.0404,0,Low
2996-XAUVF,0.067,0,Low
9076-AXYIK,0.1843,0,Low
5968-XQIVE,0.2373,0,Low
8896-RAZCR,0.0245,0,Low
4640-UHDOS,0.3739,0,Low
4933-IKULF,0.0341,0,Low
3583-EKAPL,0.8012,1,High
1304-BCCFO,0.4193,1,Medium
4104-PVRPS,0.107,0,Low
9399-APLBT,0.8608,1,High
2359-KMGLI,0.7234,1,High
3780-DDGSE,0.2685,0,Low
4431-EDMIQ,0.3416,0,Low
0306-JAELE,0.7621,1,High
6227-HWPWX,0.4455,1,Medium
0486-LGCCH,0.0107,0,Low
0447-BEMNG,0.2841,0,Low
4612-SSVHJ,0.7413,1,High
5168-MQQCA,0.2086,0,Low
5949-XIKAE,0.7785,1,High
7971-HLVXI,0.1165,0,Low
9094-AZPHK,0.7697,1,High
3649-JPUGY,0.0404,0,Low
4472-LVYGI,0.0775,0,Low
8372-JUXUI,0.8465,1,High
3552-CTCYF,0.2342,0,Low
6778-YSNIH,0.6116,1,Medium
0388-EOPEX,0.5734,1,Medium
5756-OZRIO,0.0779,0,Low
6579-JPICP,0.6431,1,Medium
8205-OTCHB,0.4033,1,Medium
4134-BSXLX,0.1022,0,Low
0505-SPOOW,0.0014,0,Low
6235-VDHOM,0.5774,1,Medium
7783-YKGDV,0.7403,1,High
4374-YMUSQ,0.2493,0,Low
4513-CXYIX,0.0732,0,Low
3957-HHLMR,0.0605,0,Low
7803-XOCCZ,0.1798,0,Low
5736-YEJAX,0.0335,0,Low
5609-CEBID,0.7641,1,High
8981-FJGLA,0.6022,1,Medium
7218-HKQFK,0.7255,1,High
4636-QRJKY,0.7964,1,High
1135-LMECX,0.4006,1,Medium
4332-MUOEZ,0.2564,0,Low
8535-SFUTN,0.3294,0,Low
5956-VKDTT,0.9053,1,High
8677-HDZEE,0.396,0,Low
2475-MROZF,0.2067,0,Low
9412-GHEEC,0.4708,1,Medium
3482-ABPKK,0.0373,0,Low
6705-LXORM,0.7156,1,High
0257-ZESQC,0.4812,1,Medium
7531-GQHME,0.2709,0,Low
5174-ITUMV,0.2938,0,Low
4109-CYRBD,0.3823,0,Low
0913-XWSCN,0.2786,0,Low
6825-UYPFK,0.3041,0,Low
8397-MVTAZ,0.8272,1,High
0750-EBAIU,0.2206,0,Low
8606-CIQUL,0.0254,0,Low
3571-DPYUH,0.1401,0,Low
7601-GNDYK,0.0071,0,Low
0356-OBMAC,0.1272,0,Low
8067-NIOYM,0.0182,0,Low
1403-GYAFU,0.005,0,Low
4234-XTNEA,0.8144,1,High
1297-VQDRP,0.185,0,Low
9282-IZGQK,0.9358,1,High
5348-CAGXB,0.824,1,High
0621-HJWXJ,0.4109,1,Medium
5844-QVTAT,0.0928,0,Low
8905-IAZPF,0.364,0,Low
5394-MEITZ,0.0182,0,Low
6859-QNXIQ,0.0837,0,Low
2782-LFZVW,0.4943,1,Medium
2866-IKBTM,0.4882,1,Medium
1342-JPNKI,0.8465,1,High
2817-NTQDO,0.4387,1,Medium
7129-AZJDE,0.2592,0,Low
6986-IJDHX,0.5218,1,Medium
2560-PPCHE,0.2333,0,Low
4676-MQUEA,0.1698,0,Low
8138-EALND,0.1873,0,Low
3580-HYCSP,0.0672,0,Low
1352-HNSAW,0.0438,0,Low
2075-PUEPR,0.0177,0,Low
1982-FEBTD,0.0312,0,Low
5301-GAUUY,0.5121,1,Medium
5791-KAJFD,0.0688,0,Low
2654-VBVPB,0.3199,0,Low
1154-HYWWO,0.1015,0,Low
2501-XWWTZ,0.5817,1,Medium
3716-UVSPD,0.5242,1,Medium
6815-ABQFQ,0.4834,1,Medium
7343-EOBEU,0.3233,0,Low
3701-SFMUH,0.2148,0,Low
6103-LIANB,0.1248,0,Low
7319-VENRZ,0.2275,0,Low
5846-NEQVZ,0.0355,0,Low
6967-QIQRV,0.2629,0,Low
5781-RFZRP,0.0246,0,Low
0939-YAPAF,0.8206,1,High
0308-IVGOK,0.1697,0,Low
7293-LSCDV,0.0096,0,Low
7025-WCBNE,0.0315,0,Low
5756-JYOJT,0.1263,0,Low
4710-FDUIZ,0.4195,1,Medium
6030-REHUX,0.5642,1,Medium
9548-LIGTA,0.0471,0,Low
5150-LJNSR,0.1218,0,Low
8270-RKSAP,0.7556,1,High
6522-YRBXD,0.4211,1,Medium
2640-LYMOV,0.3314,0,Low
1218-VKFPE,0.1806,0,Low
3627-FHKBK,0.5314,1,Medium
2865-TCHJW,0.915,1,High
1423-BMPBQ,0.5345,1,Medium
2393-DIVAI,0.3837,0,Low
5192-EBGOV,0.9226,1,High
4568-KNYWR,0.0663,0,Low
8752-IMQOS,0.0466,0,Low
0742-LAFQK,0.0875,0,Low
0795-LAFGP,0.0542,0,Low
0619-OLYUR,0.0662,0,Low
5512-IDZEI,0.0278,0,Low
0459-SPZHJ,0.0164,0,Low
0215-BQKGS,0.3259,0,Low
9244-ZVAPM,0.6163,1,Medium
0719-SYFRB,0.3225,0,Low
8208-EUMTE,0.0378,0,Low
5172-MIGPM,0.3419,0,Low
1710-RCXUS,0.227,0,Low
0374-FIUCA,0.006,0,Low
5839-SUYVZ,0.4262,1,Medium
5173-ZXXXL,0.0818,0,Low
1096-ADRUX,0.0811,0,Low
2001-MCUUW,0.2436,0,Low
2731-GJRDG,0.2177,0,Low
4723-BEGSG,0.0371,0,Low
6516-NKQBO,0.0216,0,Low
8672-OAUPW,0.0557,0,Low
8207-DMRVL,0.0418,0,Low
3419-SNJJD,0.4569,1,Medium
6543-CPZMK,0.4122,1,Medium
4765-OXPPD,0.3958,0,Low
2804-ETQDK,0.025,0,Low
6689-VRRTK,0.2707,0,Low
7138-GIRSH,0.0517,0,Low
9396-ZSFLL,0.3203,0,Low
6464-KEXXH,0.4512,1,Medium
7134-MJPDY,0.2962,0,Low
5240-CAOYT,0.1675,0,Low
4059-IIEBK,0.7048,1,High
4881-JVQOD,0.3063,0,Low
0516-UXRMT,0.1844,0,Low
4851-BQDNX,0.3224,0,Low
5148-HKFIR,0.0368,0,Low
1009-IRMNA,0.5159,1,Medium
3003-CMDUU,0.53,1,Medium
5016-IBERQ,0.4928,1,Medium
6797-UCJHZ,0.1487,0,Low
2469-DTSGX,0.1616,0,Low
4554-YGZIH,0.4724,1,Medium
5099-BAILX,0.488,1,Medium
9931-KGHOA,0.194,0,Low
1775-KWJKQ,0.0126,0,Low
7665-VIGUD,0.0378,0,Low
9411-TPQQV,0.0984,0,Low
7207-RMRDB,0.6804,1,Medium
7954-MLBUN,0.1077,0,Low
2077-DDHJK,0.0293,0,Low
4913-EHYUI,0.4254,1,Medium
0195-IESCP,0.8809,1,High
9574-BOSMD,0.0177,0,Low
4580-TMHJU,0.3398,0,Low
0970-ETWGE,0.8859,1,High
4908-XAXAY,0.2095,0,Low
8404-VLQFB,0.2844,0,Low
1626-ERCMM,0.8486,1,High
0887-HJGAR,0.758,1,High
2391-IPLOP,0.1273,0,Low
5644-PDMZC,0.7401,1,High
3509-GWQGF,0.3075,0,Low
9576-ANLXO,0.7101,1,High
2024-BASKD,0.847,1,High
5845-BZZIB,0.0048,0,Low
1140-UKVZG,0.1885,0,Low
4160-AMJTL,0.4354,1,Medium
5183-SNMJQ,0.5777,1,Medium
8100-PNJMH,0.019,0,Low
7838-LAZFO,0.1342,0,Low
4464-JCOLN,0.0814,0,Low
2085-JVGAD,0.1191,0,Low
5650-VDUDS,0.6329,1,Medium
8095-WANWK,0.3607,0,Low
3030-ZKIWL,0.4846,1,Medium
9565-FLVCG,0.0248,0,Low
8755-OGKNA,0.0092,0,Low
2800-VEQXM,0.7614,1,High
7538-GWHML,0.7888,1,High
5533-RJFTJ,0.2908,0,Low
3859-CVCET,0.5965,1,Medium
0214-JHPFW,0.0306,0,Low
5642-MHDQT,0.0292,0,Low
3088-FVYWK,0.0174,0,Low
3276-HDUEG,0.8953,1,High
9092-GDZKO,0.1888,0,Low
0823-HSCDJ,0.5397,1,Medium
3729-OWRVL,0.2547,0,Low
2324-AALNO,0.0404,0,Low
0822-GAVAP,0.8495,1,High
5760-IFJOZ,0.6297,1,Medium
2826-UWHIS,0.316,0,Low
1448-PWKYE,0.7831,1,High
7501-IWUNG,0.0311,0,Low
4957-TREIR,0.2958,0,Low
7251-LJBQN,0.2745,0,Low
8040-MNRTF,0.7993,1,High
1536-HBSWP,0.6395,1,Medium
5313-FPXWG,0.0334,0,Low
0067-DKWBL,0.7419,1,High
0946-FKYTX,0.1452,0,Low
5076-YVXCM,0.3969,0,Low
8262-COGGB,0.4365,1,Medium
6663-JOCQO,0.1137,0,Low
9620-QJREV,0.0247,0,Low
2276-YDAVZ,0.8225,1,High
2682-KEVRP,0.0313,0,Low
2480-JZOSN,0.5078,1,Medium
0078-XZMHT,0.0327,0,Low
5896-NPFWW,0.7539,1,High
9978-HYCIN,0.1657,0,Low
8338-QIUNR,0.0391,0,Low
1525-LNLOJ,0.0579,0,Low
9450-TRJUU,0.5214,1,Medium
1766-GKNMI,0.814,1,High
6942-LBFDP,0.4427,1,Medium
1456-TWCGB,0.4799,1,Medium
7133-VBDCG,0.5154,1,Medium
7596-ZYWBB,0.0104,0,Low
8329-UTMVM,0.2388,0,Low
3014-WJKSM,0.4327,1,Medium
3347-YJZZE,0.1927,0,Low
1029-QFBEN,0.524,1,Medium
7929-DMBCV,0.3541,0,Low
9661-JALZV,0.0393,0,Low
5433-KYGHE,0.4539,1,Medium
4312-KFRXN,0.0047,0,Low
5575-TPIZQ,0.3647,0,Low
0114-IGABW,0.0255,0,Low
9944-AEXBM,0.5812,1,Medium
1853-ARAAQ,0.3866,0,Low
6952-OMNWB,0.3425,0,Low
4697-LUPSU,0.0502,0,Low
8434-VGEQQ,0.0028,0,Low
4952-YSOGZ,0.8993,1,High
1589-AGTLK,0.846,1,High
5244-IRFIH,0.8317,1,High
6549-YMFAW,0.2296,0,Low
4950-HKQTE,0.0428,0,Low
6786-OBWQR,0.7583,1,High
2684-EIWEO,0.4325,1,Medium
2753-JMMCV,0.0402,0,Low
6439-GTPCA,0.6353,1,Medium
6621-YOBKI,0.3023,0,Low
1216-JWVUX,0.6472,1,Medium
7564-GHCVB,0.0299,0,Low
1173-NOEYG,0.3706,0,Low
7595-EHCDL,0.2384,0,Low
6647-ZEDXT,0.2087,0,Low
2521-NPUZR,0.0712,0,Low
1307-TVUFB,0.409,1,Medium
7503-MIOGA,0.0173,0,Low
4381-MHQDC,0.0158,0,Low
6923-JHPMP,0.5641,1,Medium
5138-WVKYJ,0.6741,1,Medium
4018-PPNDW,0.029,0,Low
1635-FJFCC,0.4675,1,Medium
2499-AJYUA,0.0733,0,Low
6919-ELBGL,0.061,0,Low
3966-HRMZA,0.6844,1,Medium
6425-JWTDV,0.0106,0,Low
8405-IGQFX,0.1299,0,Low
8224-IVVPA,0.2518,0,Low
9477-LGWQI,0.0291,0,Low
1410-RSCMR,0.2203,0,Low
3115-CZMZD,0.055,0,Low
0139-IVFJG,0.4352,1,Medium
6683-VLCTZ,0.8302,1,High
5730-DBDSI,0.0189,0,Low
0030-FNXPP,0.3261,0,Low
2189-WWOEW,0.6422,1,Medium
5684-FJVYR,0.0224,0,Low
4013-GUXND,0.5699,1,Medium
1894-IGFSG,0.587,1,Medium
7379-POKDZ,0.8428,1,High
1266-NZYUI,0.0158,0,Low
7969-FFOWG,0.0011,0,Low
4718-DHSMV,0.5022,1,Medium
5175-WLYXL,0.5473,1,Medium
7817-OMJNA,0.1325,0,Low
8728-SKJLR,0.5258,1,Medium
3137-NYQQI,0.1092,0,Low
7706-DZNKK,0.2482,0,Low
0236-HFWSV,0.8514,1,High
3900-AQPHZ,0.5808,1,Medium
5842-POCOP,0.7745,1,High
2037-XJFUP,0.52,1,Medium
8823-RLPWL,0.0498,0,Low
9505-SQFSW,0.4141,1,Medium
7314-OXENN,0.9059,1,High
3758-CKOQL,0.1667,0,Low
0322-CHQRU,0.7271,1,High
5676-CFLYY,0.0158,0,Low
7521-AFHAB,0.404,1,Medium
0285-INHLN,0.1794,0,Low
4678-DVQEO,0.6172,1,Medium
5125-CNDSP,0.0355,0,Low
0691-IFBQW,0.4317,1,Medium
4992-LTJNE,0.0161,0,Low
2202-OUTMO,0.1102,0,Low
0810-BDHAW,0.1277,0,Low
0229-LFJAF,0.0103,0,Low
7131-ZQZNK,0.0151,0,Low
3442-ZHHCC,0.1374,0,Low
5726-CVNYA,0.078,0,Low
9871-ELEYA,0.0254,0,Low
4257-GAESD,0.439,1,Medium
5173-WXOQV,0.3558,0,Low
2040-OBMLJ,0.1332,0,Low
6286-ZHAOK,0.1956,0,Low
3807-XHCJH,0.4121,1,Medium
3009-JWMPU,0.5125,1,Medium
5671-RQRLP,0.0969,0,Low
1450-GALXR,0.7685,1,High
8859-AXJZP,0.0554,0,Low
3174-AKMAS,0.0414,0,Low
3138-BKYAV,0.885,1,High
9926-PJHDQ,0.0902,0,Low
7382-DFJTU,0.2064,0,Low
2798-NYLMZ,0.1152,0,Low
4289-DTDKW,0.8234,1,High
1820-TQVEV,0.9293,1,High
2239-JALAW,0.4496,1,Medium
4853-RULSV,0.4639,1,Medium
8098-TDCBU,0.0304,0,Low
3551-GAEGL,0.0837,0,Low
4785-NKHCX,0.3627,0,Low
3196-NVXLZ,0.5691,1,Medium
6275-YDUVO,0.8492,1,High
0036-IHMOT,0.1701,0,Low
0115-TFERT,0.6817,1,Medium
4178-EGMON,0.0885,0,Low
4220-TINQT,0.5113,1,Medium
5318-YKDPV,0.0596,0,Low
7975-TZMLR,0.4174,1,Medium
0295-QVKPB,0.3408,0,Low
4335-BSMJS,0.0133,0,Low
2311-QYMUQ,0.6336,1,Medium
3643-AHCFP,0.8515,1,High
9146-JRIOX,0.1468,0,Low
3104-OWCGK,0.48,1,Medium
5337-IIWKZ,0.1811,0,Low
9101-BWFSS,0.4236,1,Medium
9650-VBUOG,0.0048,0,Low
3487-EARAT,0.1448,0,Low
2672-TGEFF,0.6377,1,Medium
9231-ZJYAM,0.8812,1,High
4250-WAROZ,0.2166,0,Low
8184-WMOFI,0.0763,0,Low
6982-SSHFK,0.5753,1,Medium
6092-QZVPP,0.1383,0,Low
4625-LAMOB,0.0158,0,Low
0727-BMPLR,0.5289,1,Medium
0392-BZIUW,0.1254,0,Low
1038-ZAGBI,0.1869,0,Low
6549-NNDYT,0.4083,1,Medium
3027-ZTDHO,0.9244,1,High
0422-OHQHQ,0.0407,0,Low
6916-HIJSE,0.0143,0,Low
2316-ESMLS,0.0735,0,Low
9778-OGKQZ,0.0056,0,Low
7408-OFWXJ,0.0242,0,Low
6007-TCTST,0.039,0,Low
2252-NKNSI,0.0344,0,Low
8713-IGZSO,0.4005,1,Medium
7905-TVXTA,0.4636,1,Medium
7695-PKLCZ,0.006,0,Low
2382-BCKQJ,0.5195,1,Medium
8374-UULRV,0.0179,0,Low
2207-NHRJK,0.6716,1,Medium
3224-DFQNQ,0.1506,0,Low
5275-PMFUT,0.0421,0,Low
4795-UXVCJ,0.0261,0,Low
9777-IQHWP,0.0774,0,Low
0947-MUGVO,0.7566,1,High
9944-HKVVB,0.8855,1,High
4124-MMETB,0.6586,1,Medium
3671-SHRSP,0.6679,1,Medium
0979-MOZQI,0.1066,0,Low
2732-ISEZX,0.2958,0,Low
3313-QKNKB,0.3083,0,Low
0323-XWWTN,0.0992,0,Low
1937-OTUKY,0.0762,0,Low
1573-LGXBA,0.2273,0,Low
1764-VUUMT,0.0086,0,Low
5073-WXOYN,0.5685,1,Medium
4713-ZBURT,0.1761,0,Low
3050-GBUSH,0.5681,1,Medium
0207-MDKNV,0.6025,1,Medium
7876-AEHIG,0.0827,0,Low
7945-HLKEA,0.0723,0,Low
9342-VNIMQ,0.2717,0,Low
9851-KIELU,0.5762,1,Medium
3523-BRGUW,0.0167,0,Low
3908-BLSYF,0.7784,1,High
3199-NPKCN,0.2886,0,Low
5170-PTRKA,0.0386,0,Low
4661-NJEUX,0.5272,1,Medium
2123-AGEEN,0.8191,1,High
1258-YMZNM,0.2737,0,Low
0048-LUMLS,0.2854,0,Low
7549-MYGPK,0.4252,1,Medium
5898-IGSLP,0.2545,0,Low
3804-RVTGV,0.5928,1,Medium
6259-WJQLC,0.4504,1,Medium
9227-LUNBG,0.6895,1,Medium
7997-EASSD,0.1681,0,Low
0730-KOAVE,0.3978,0,Low
8975-SKGRX,0.1083,0,Low
0678-RLHVP,0.2452,0,Low
4315-MURBD,0.7855,1,High
2267-FPIMA,0.2976,0,Low
1051-GEJLJ,0.4501,1,Medium
9734-YWGEX,0.7192,1,High
2719-BDAQO,0.5369,1,Medium
5285-MVEHD,0.3331,0,Low
0379-DJQHR,0.0264,0,Low
0781-LKXBR,0.9164,1,High
5543-QDCRY,0.612,1,Medium
0297-RBCSG,0.2258,0,Low
4694-PHWFW,0.1765,0,Low
0835-JKADZ,0.1627,0,Low
1907-UBQFC,0.8734,1,High
7508-SMHXL,0.4882,1,Medium
3865-YIOTT,0.1951,0,Low
5993-BQHEA,0.0561,0,Low
6024-RUGGH,0.0256,0,Low
6513-EECDB,0.8655,1,High
3956-CJUST,0.3997,0,Low
4079-WWQQQ,0.0192,0,Low
6103-BOCOU,0.6054,1,Medium
5149-TGWDZ,0.2795,0,Low
7471-WNSUF,0.0336,0,Low
8942-DBMHZ,0.2176,0,Low
4301-VVZKA,0.8543,1,High
9199-PWQVC,0.1351,0,Low
4824-GUCBY,0.2992,0,Low
5393-HJZSM,0.1522,0,Low
7074-IEVOJ,0.9172,1,High
9625-QSTYE,0.7844,1,High
0862-PRCBS,0.0521,0,Low
8812-ZRHFP,0.284,0,Low
5146-CBVOE,0.3232,0,Low
0454-OKRCT,0.0813,0,Low
5787-KXGIY,0.0041,0,Low
4750-ZRXIU,0.9328,1,High
4198-VFOEA,0.0772,0,Low
6630-UJZMY,0.9111,1,High
5709-LVOEQ,0.1166,0,Low
6400-BWQKW,0.739,1,High
2692-AQCPF,0.1775,0,Low
0347-UBKUZ,0.1764,0,Low
0835-DUUIQ,0.043,0,Low
0811-GSDTP,0.2682,0,Low
7567-ECMCM,0.5467,1,Medium
6115-ZTBFQ,0.0158,0,Low
6353-BRMMA,0.3512,0,Low
6680-WKXRZ,0.6144,1,Medium
6231-WFGFH,0.2633,0,Low
9904-EHEVJ,0.4601,1,Medium
7028-DVOIQ,0.8474,1,High
6169-PPETC,0.0027,0,Low
4208-UFFGW,0.6777,1,Medium
8584-KMVXD,0.5791,1,Medium
8467-WYNSR,0.1462,0,Low
0851-DFJKB,0.3191,0,Low
5382-SOYZL,0.827,1,High
9448-REEVD,0.6182,1,Medium
3261-CQXOL,0.003,0,Low
8388-FYNPZ,0.4284,1,Medium
4002-BQWPQ,0.1552,0,Low
5651-YLPRD,0.626,1,Medium
2826-DXLQO,0.2534,0,Low
4378-BZYFP,0.0402,0,Low
9489-UTFKA,0.2391,0,Low
4849-PYRLQ,0.0252,0,Low
9117-SHLZX,0.7417,1,High
9889-TMAHG,0.6448,1,Medium
4541-RMRLG,0.3456,0,Low
7764-BDPEE,0.2527,0,Low
3429-IFLEM,0.0468,0,Low
3158-MOERK,0.9406,1,High
7294-TMAOP,0.8873,1,High
5002-GCQFH,0.2509,0,Low
0556-FJEGU,0.0164,0,Low
8919-FYFQZ,0.5839,1,Medium
0604-THJFP,0.0261,0,Low
2834-JRTUA,0.3331,0,Low
5875-YPQFJ,0.9135,1,High
5879-SESNB,0.6146,1,Medium
6646-QVXLR,0.496,1,Medium
6461-PPAXN,0.0471,0,Low
3318-ISQFQ,0.1634,0,Low
1106-HRLKZ,0.0078,0,Low
2483-XSSMZ,0.1008,0,Low
8603-IJWDN,0.9334,1,High
8165-ZJRNM,0.0065,0,Low
9369-XFEHK,0.5203,1,Medium
2604-XVDAM,0.3454,0,Low
3717-OFRTN,0.338,0,Low
9046-JBFWA,0.0942,0,Low
3280-NMUVX,0.021,0,Low
1206-EHBDD,0.0503,0,Low
8361-LBRDI,0.0151,0,Low
4883-KCPZJ,0.0277,0,Low
9108-EQPNQ,0.0459,0,Low
7277-KAMWT,0.025,0,Low
3842-IYKUE,0.4041,1,Medium
6641-XRPSU,0.5788,1,Medium
1374-DMZUI,0.9015,1,High
2545-LXYVJ,0.0054,0,Low
3234-VKACU,0.4208,1,Medium
8357-EQXFO,0.8993,1,High
1989-PRJHP,0.7092,1,High
8120-JDCAM,0.6205,1,Medium
8917-FAEMR,0.0126,0,Low
7047-YXDMZ,0.104,0,Low
2858-EIMXH,0.2951,0,Low
9524-EGPJC,0.7053,1,High
6993-OHLXR,0.795,1,High
8818-XYFCQ,0.5099,1,Medium
6419-ZTTLE,0.0491,0,Low
0929-HYQEW,0.4333,1,Medium
6614-YOLAC,0.0119,0,Low
7426-RHZGU,0.6166,1,Medium
4065-JJAVA,0.5786,1,Medium
4695-VADHF,0.407,1,Medium
3863-IUBJR,0.351,0,Low
7649-SIJJF,0.0122,0,Low
9361-YNQWJ,0.0208,0,Low
3748-FVMZZ,0.5539,1,Medium
9391-TTOYH,0.1933,0,Low
1452-XRSJV,0.1812,0,Low
3422-WJOYD,0.0414,0,Low
8242-SOQUO,0.8669,1,High
7460-ITWWP,0.6531,1,Medium
7147-AYBAA,0.4774,1,Medium
7868-TMWMZ,0.0939,0,Low
4822-RVYBB,0.933,1,High
6732-FZUGP,0.1309,0,Low
8436-BJUMM,0.7617,1,High
4184-TJFAN,0.7127,1,High
8329-GWVPJ,0.3374,0,Low
1352-VHKAJ,0.1288,0,Low
4145-UQXUQ,0.896,1,High
2632-TACXW,0.0327,0,Low
8146-QQKZH,0.0166,0,Low
1767-CJKBA,0.0041,0,Low
6445-TNRXS,0.1153,0,Low
4581-LNWUM,0.5584,1,Medium
4869-EPIUS,0.2613,0,Low
9948-YPTDG,0.5383,1,Medium
1236-WFCDV,0.5525,1,Medium
1915-OAKWD,0.0706,0,Low
7296-PIXQY,0.5076,1,Medium
4883-QICIH,0.5244,1,Medium
3354-OADJP,0.1158,0,Low
3524-WQDSG,0.6515,1,Medium
0810-DHDBD,0.0851,0,Low
4026-SKKHW,0.3918,0,Low
2829-HYVZP,0.0151,0,Low
8329-IBCTI,0.5312,1,Medium
1271-SJBGZ,0.5241,1,Medium
3845-JHAMY,0.3011,0,Low
7013-PSXHK,0.1287,0,Low
5669-SRAIP,0.6715,1,Medium
5981-ITEMU,0.6835,1,Medium
3486-NPGST,0.0327,0,Low
6941-PMGEP,0.9093,1,High
1624-WOIWJ,0.7526,1,High
2074-GKOWZ,0.7924,1,High
0376-YMCJC,0.7232,1,High
6100-FJZDG,0.073,0,Low
4829-ZLJTK,0.1015,0,Low
1730-VFMWO,0.1959,0,Low
7143-BQIBA,0.248,0,Low
3800-LYTRK,0.0696,0,Low
0634-SZPQA,0.5597,1,Medium
9646-NMHXE,0.0089,0,Low
7030-NJVDP,0.3348,0,Low
5536-RTPWK,0.6985,1,Medium
8883-GRDWQ,0.0731,0,Low
6166-ILMNY,0.7538,1,High
3097-NNSPB,0.7194,1,High
7771-ZONAT,0.0534,0,Low
0655-RBDUG,0.8587,1,High
2111-DWYHN,0.3996,0,Low
4194-WHFCB,0.1911,0,Low
4121-AGSIN,0.044,0,Low
4361-BKAXE,0.4512,1,Medium
9845-PEEKO,0.0819,0,Low
0455-XFASS,0.8029,1,High
0301-KOBTQ,0.0324,0,Low
1751-NCDLI,0.8352,1,High
4367-NUYAO,0.0595,0,Low
9878-TNQGW,0.8802,1,High
9170-ARBTB,0.0277,0,Low
4441-NIHPT,0.7923,1,High
8999-BOHSE,0.6321,1,Medium
7241-AJHFS,0.1938,0,Low
7029-RPUAV,0.683,1,Medium
4546-FOKWR,0.6274,1,Medium
9036-CSKBW,0.1913,0,Low
5832-TRLPB,0.2011,0,Low
8590-YFFQO,0.0175,0,Low
8659-IOOPU,0.0918,0,Low
1338-CECEE,0.0726,0,Low
7439-DKZTW,0.8145,1,High
4646-QZXTF,0.2914,0,Low
4607-CHPCA,0.4537,1,Medium
9742-XOKTS,0.1401,0,Low
6921-OZMFH,0.2584,0,Low
9578-FOMUK,0.2652,0,Low
4712-UYOOI,0.1577,0,Low
8824-RWFXJ,0.6269,1,Medium
7722-CVFXN,0.2768,0,Low
8717-VCTXJ,0.0425,0,Low
7363-QTBIW,0.8775,1,High
4159-NAAIX,0.0739,0,Low
0971-QIFJK,0.0093,0,Low
9397-TZSHA,0.0118,0,Low
3391-JSQEW,0.2425,0,Low
0343-QLUZP,0.0561,0,Low
9763-PDTKK,0.7088,1,High
2176-LVPNX,0.0265,0,Low
7627-JKIAZ,0.5092,1,Medium
3312-UUMZW,0.6556,1,Medium
1271-UODNO,0.1466,0,Low
8461-EFQYM,0.0417,0,Low
6900-RBKER,0.1503,0,Low
6891-JPYFF,0.3595,0,Low
1459-QNFQT,0.0072,0,Low
1047-NNCBF,0.3836,0,Low
3696-XRIEN,0.1215,0,Low
4081-DYXAV,0.3631,0,Low
0074-HDKDG,0.079,0,Low
8791-GFXLZ,0.3698,0,Low
8111-SLLHI,0.8076,1,High
0927-LCSMG,0.6904,1,Medium
9330-DHBFL,0.1025,0,Low
0098-BOWSO,0.2496,0,Low
3452-ABWRL,0.4909,1,Medium
5859-HZYLF,0.0134,0,Low
8257-RZAHR,0.4314,1,Medium
5293-WXJAK,0.7797,1,High
3156-QLHBO,0.1769,0,Low
2208-NQBCT,0.3136,0,Low
1779-PWPMG,0.0619,0,Low
6621-NRZAK,0.0042,0,Low
0831-JNISG,0.0021,0,Low
0774-IFUVM,0.252,0,Low
3082-WQRVY,0.0325,0,Low
9553-DLCLU,0.0828,0,Low
1641-BYBTK,0.2031,0,Low
2460-NGXBJ,0.5062,1,Medium
2446-ZKVAF,0.2466,0,Low
0841-NULXI,0.8719,1,High
3522-CDKHF,0.424,1,Medium
1430-SFQSA,0.0488,0,Low
0411-EZJZE,0.6951,1,Medium
7851-WZEKY,0.9395,1,High
8844-TONUD,0.6962,1,Medium
8807-ARQET,0.4635,1,Medium
8992-CEUEN,0.4215,1,Medium
4320-QMLLA,0.3796,0,Low
8777-PVYGU,0.0742,0,Low
8292-ITGYJ,0.0124,0,Low
6870-ZWMNX,0.0312,0,Low
0621-CXBKL,0.0972,0,Low
5268-DSMNQ,0.1603,0,Low
5334-JLAXU,0.3018,0,Low
4086-YQSNZ,0.8586,1,High
6242-MBHPK,0.5012,1,Medium
5868-CZJDR,0.6925,1,Medium
9359-UGBTK,0.0783,0,Low
0135-NMXAP,0.7493,1,High
4782-OSFXZ,0.0332,0,Low
6479-OAUSD,0.0152,0,Low
7129-ACFOG,0.6,1,Medium
4189-NAKJS,0.1222,0,Low
5562-BETPV,0.1993,0,Low
1282-IHQAC,0.1295,0,Low
9127-FHJBZ,0.0376,0,Low
6270-OMFIW,0.3561,0,Low
1641-RQDAY,0.6438,1,Medium
0107-WESLM,0.6179,1,Medium
6994-ORCWG,0.1799,0,Low
1346-UFHAX,0.5077,1,Medium
3992-YWPKO,0.8114,1,High
2933-XEUJM,0.0384,0,Low
0125-LZQXK,0.6668,1,Medium
5461-QKNTN,0.5657,1,Medium
4835-YSJMR,0.0696,0,Low
8399-YNDCH,0.382,0,Low
3164-YAXFY,0.3015,0,Low
0887-WBJVH,0.2799,0,Low
4660-IRIBM,0.5143,1,Medium
5673-FSSMF,0.7738,1,High
7670-ZBPOQ,0.0235,0,Low
8089-UZWLX,0.1236,0,Low
0080-OROZO,0.3876,0,Low
3916-NRPAP,0.6235,1,Medium
6807-SIWJI,0.2959,0,Low
8221-HVAYI,0.0269,0,Low
1579-KLYDT,0.8758,1,High
5232-NXPAY,0.0319,0,Low
8967-SZQAS,0.3237,0,Low
4468-KAZHE,0.3531,0,Low
0455-ENTCR,0.0529,0,Low
8944-AILEF,0.1975,0,Low
5542-NKVRU,0.0111,0,Low
7126-RBHSD,0.3961,0,Low
5370-IIVVL,0.3538,0,Low
6789-HJBWG,0.4682,1,Medium
3927-NLNRY,0.463,1,Medium
9087-EYCPR,0.0125,0,Low
6791-YBNAK,0.2487,0,Low
6358-LYNGM,0.8847,1,High
6077-BDPXA,0.9095,1,High
0013-MHZWF,0.4192,1,Medium
5494-HECPR,0.9321,1,High
8268-YDIXR,0.2051,0,Low
9824-BEMCV,0.7202,1,High
1373-ORVIZ,0.5402,1,Medium
4291-SHSBH,0.8179,1,High
6980-IMXXE,0.0026,0,Low
9866-QEVEE,0.5807,1,Medium
9897-KXHCM,0.8289,1,High
0040-HALCW,0.0093,0,Low
0784-GTUUK,0.034,0,Low
7979-CORPM,0.5511,1,Medium
2294-DMMUS,0.3008,0,Low
0872-JCPIB,0.2193,0,Low
3055-MJDSB,0.4096,1,Medium
9091-WTUUY,0.0079,0,Low
1618-CFHME,0.9161,1,High
3165-HDOEW,0.7229,1,High
6581-NQCBA,0.5981,1,Medium
7115-IRDHS,0.007,0,Low
8496-DMZUK,0.0981,0,Low
2040-VZIKE,0.4106,1,Medium
9068-VPWQQ,0.0312,0,Low
0178-SZBHO,0.4431,1,Medium
0384-RVBPI,0.2063,0,Low
1689-MRZQR,0.5953,1,Medium
1299-AURJA,0.0015,0,Low
4525-VZCZG,0.2327,0,Low
1543-LLLFT,0.1509,0,Low
5835-BEQEU,0.926,1,High
2788-CJQAQ,0.0232,0,Low
5565-FILXA,0.8711,1,High
0319-QZTCO,0.45,1,Medium
2120-SMPEX,0.193,0,Low
0096-FCPUF,0.2137,0,Low
0668-OGMHD,0.436,1,Medium
5552-ZNFSJ,0.7539,1,High
2223-KAGMX,0.3504,0,Low
6507-ZJSUR,0.7576,1,High
9408-HRXRK,0.3913,0,Low
5593-SUAOO,0.1389,0,Low
7321-PKUYW,0.6813,1,Medium
2833-SLKDQ,0.7235,1,High
6766-HFKLA,0.1067,0,Low
7595-EUIVN,0.7674,1,High
7617-EYGLW,0.3206,0,Low
2026-TGDHM,0.8708,1,High
9220-ZNKJI,0.0652,0,Low
4030-VPZBD,0.7198,1,High
2226-ICFDO,0.007,0,Low
0723-VSOBE,0.1589,0,Low
5529-GIBVH,0.0379,0,Low
4187-CINZD,0.3819,0,Low
9992-UJOEL,0.628,1,Medium
4741-WWJQZ,0.5007,1,Medium
6625-UTXEW,0.4438,1,Medium
6818-WOBHJ,0.482,1,Medium
6244-BESBM,0.071,0,Low
1004-NOZNR,0.2234,0,Low
1251-STYSZ,0.6299,1,Medium
2612-PHGOX,0.0184,0,Low
2408-TZMJL,0.4671,1,Medium
8480-PPONV,0.1416,0,Low
8780-IHCRN,0.0066,0,Low
4598-ZADCK,0.0754,0,Low
1257-SXUXQ,0.109,0,Low
9681-KYGYB,0.3718,0,Low
7182-OVLBJ,0.1812,0,Low
5095-ETBRJ,0.0218,0,Low
7005-CYUIL,0.0506,0,Low
4821-WQOYN,0.0111,0,Low
4730-AWNAU,0.0957,0,Low
3452-FLHYD,0.0239,0,Low
2388-LAESQ,0.0172,0,Low
9531-NSBMR,0.0321,0,Low
6260-ONULR,0.6696,1,Medium
4389-UEFCZ,0.1258,0,Low
8711-LOBKY,0.012,0,Low
9134-CEQMF,0.882,1,High
8985-OOPOS,0.2623,0,Low
8800-ZKRFW,0.4987,1,Medium
2616-FLVQC,0.0188,0,Low
9968-FFVVH,0.0393,0,Low
3108-PCCGG,0.016,0,Low
7993-PYKOF,0.5675,1,Medium
8390-FESFV,0.0258,0,Low
3022-BEXHZ,0.1574,0,Low
5027-XWQHA,0.682,1,Medium
6248-TKCQV,0.0624,0,Low
6729-GDNGC,0.3881,0,Low
6198-ZFIOJ,0.5213,1,Medium
5989-OMNJE,0.2319,0,Low
4566-QVRRW,0.6238,1,Medium
1291-CUOCY,0.0665,0,Low
9795-SHUHB,0.0311,0,Low
3230-IUALN,0.0193,0,Low
0042-RLHYP,0.0066,0,Low
8519-IMDHU,0.7201,1,High
4945-RVMTE,0.307,0,Low
0201-OAMXR,0.3873,0,Low
1866-NXPSP,0.1056,0,Low
3372-KWFBM,0.8491,1,High
7831-QGOXH,0.8236,1,High
6393-WRYZE,0.7868,1,High
3941-XTSKM,0.1729,0,Low
1661-CZBAU,0.1004,0,Low
6599-RCLCJ,0.6417,1,Medium
9831-BPFRI,0.3597,0,Low
5158-RIVOP,0.0258,0,Low
9788-YTFGE,0.2669,0,Low
9277-JOOMO,0.336,0,Low
1907-YLNYW,0.3951,0,Low
1725-MIMXW,0.5715,1,Medium
8947-YRTDV,0.1452,0,Low
3161-ONRWK,0.0347,0,Low
0114-RSRRW,0.2688,0,Low
4565-NLZBV,0.0092,0,Low
0031-PVLZI,0.3319,0,Low
7206-GZCDC,0.8671,1,High
6682-VCIXC,0.0893,0,Low
4791-QRGMF,0.3939,0,Low
6475-VHUIZ,0.1957,0,Low
3910-MRQOY,0.0308,0,Low
0661-WCQNQ,0.0759,0,Low
7537-RBWEA,0.6806,1,Medium
4656-CAURT,0.0518,0,Low
0121-SNYRK,0.0525,0,Low
1768-ZAIFU,0.8653,1,High
4671-LXRDQ,0.6314,1,Medium
3733-LSYCE,0.3255,0,Low
6265-FRMTQ,0.0278,0,Low
1934-SJVJK,0.5818,1,Medium
3838-OZURD,0.5841,1,Medium
1371-DWPAZ,0.0542,0,Low
9269-CQOOL,0.6512,1,Medium
2017-CCBLH,0.0657,0,Low
7690-KPNCU,0.1005,0,Low
0536-BGFMZ,0.1094,0,Low
2293-IJWPS,0.2877,0,Low
2845-HSJCY,0.7256,1,High
5469-NUJUR,0.03,0,Low
1184-PJVDB,0.7973,1,High
2625-TRCZQ,0.4956,1,Medium
4102-HLENU,0.023,0,Low
7266-GSSJX,0.2619,0,Low
7722-VJRQD,0.0192,0,Low
7073-QETQY,0.0847,0,Low
9415-DPEWS,0.7152,1,High
5624-RYAMH,0.3211,0,Low
0196-JTUQI,0.6951,1,Medium
7130-YXBRO,0.3595,0,Low
9272-LSVYH,0.5207,1,Medium
7943-RQCHR,0.9266,1,High
3793-MMFUH,0.8763,1,High
3249-ZPQRG,0.6375,1,Medium
2568-BRGYX,0.8677,1,High
3084-DOWLE,0.0107,0,Low
1084-MNSMJ,0.0136,0,Low
7721-JXEAW,0.4182,1,Medium
7249-WBIYX,0.9079,1,High
4238-HFHSN,0.645,1,Medium
6250-CGGUN,0.1559,0,Low
5478-JJVZK,0.1712,0,Low
7596-IIWYC,0.0268,0,Low
6567-HOOPW,0.8831,1,High
9793-WECQC,0.4393,1,Medium
4291-HPAXL,0.4524,1,Medium
8999-YPYBV,0.0124,0,Low
1839-FBNFR,0.0317,0,Low
3164-AALRN,0.5209,1,Medium
3071-MVJCD,0.0104,0,Low
1697-BCSHV,0.2236,0,Low
0562-KBDVM,0.0514,0,Low
1131-SUEKT,0.1986,0,Low
3717-OEAUQ,0.7056,1,High
4538-WNTMJ,0.0356,0,Low
3334-CTHOL,0.5008,1,Medium
4704-ERYFC,0.7284,1,High
9432-RUVSL,0.1442,0,Low
8060-HIWJJ,0.0252,0,Low
7684-XSZIY,0.0134,0,Low
9089-UOWJG,0.3777,0,Low
8621-MNIHH,0.7519,1,High
8039-ACLPL,0.0145,0,Low
9885-AIBVB,0.6391,1,Medium
1934-MKPXS,0.0151,0,Low
2592-YKDIF,0.3889,0,Low
2272-JKMSI,0.305,0,Low
0471-LVHGK,0.3719,0,Low
9518-RWHZL,0.3065,0,Low
8714-CTZJW,0.7286,1,High
3569-EDBPQ,0.4786,1,Medium
3131-NWVFJ,0.1111,0,Low
7521-YXVZY,0.2418,0,Low
5419-CONWX,0.7651,1,High
6240-EURKS,0.5717,1,Medium
2373-NTKOD,0.5755,1,Medium
1970-KKFWL,0.0389,0,Low
6960-HVYXR,0.8622,1,High
9337-SRRNI,0.0204,0,Low
0895-UADGO,0.0833,0,Low
5678-VFNEQ,0.2116,0,Low
5977-CKHON,0.4737,1,Medium
7024-OHCCK,0.9128,1,High
2692-BUCFV,0.5036,1,Medium
7861-UVUFT,0.7691,1,High
1830-GGFNM,0.0489,0,Low
5302-BDJNT,0.3699,0,Low
5223-UZAVK,0.2547,0,Low
4859-ZSRDZ,0.0721,0,Low
5651-WYIPH,0.3283,0,Low
9350-VLHMB,0.3354,0,Low
3498-LZGQZ,0.0101,0,Low
8785-CJSHH,0.7389,1,High
5357-TZHPP,0.6825,1,Medium
3870-SPZSI,0.0214,0,Low
0680-DFNNY,0.8806,1,High
7560-QRBXH,0.0102,0,Low
7077-XJMET,0.3806,0,Low
8752-GHJFU,0.1619,0,Low
6896-SRVYQ,0.4033,1,Medium
7767-UXAGJ,0.8158,1,High
4652-ODEVH,0.0081,0,Low
6510-UPNKS,0.0399,0,Low
6718-BDGHG,0.055,0,Low
9046-DQMTP,0.1683,0,Low
6439-LAJXL,0.2085,0,Low
1571-SAVHK,0.7441,1,High
9052-VKDUW,0.32,0,Low
9546-CQJSU,0.9022,1,High
1666-JZPZT,0.1863,0,Low
5777-KJIRB,0.0981,0,Low
0506-LVNGN,0.716,1,High
7677-SJJJK,0.1068,0,Low
2480-EJWYP,0.2783,0,Low
3253-HKOKL,0.214,0,Low
7055-HNEOJ,0.389,0,Low
5514-YQENT,0.2021,0,Low
3211-AAPKX,0.5526,1,Medium
8445-DNBAE,0.6892,1,Medium
2951-QOQTK,0.7032,1,High
2958-NHPPS,0.2079,0,Low
6806-YDEUL,0.2668,0,Low
1735-XMJVH,0.1941,0,Low
6890-PFRQX,0.202,0,Low
0222-CNVPT,0.2662,0,Low
5899-OUVKV,0.6496,1,Medium
8681-ICONS,0.1761,0,Low
1621-YNCJH,0.0934,0,Low
3473-XIIIT,0.8188,1,High
6362-QHAFM,0.5164,1,Medium
7893-IXHRQ,0.4288,1,Medium
3070-BDOQC,0.2361,0,Low
2952-QAYZF,0.9029,1,High
6234-PFPXL,0.36,0,Low
9824-QCJPK,0.0128,0,Low
4763-PGDPO,0.7677,1,High
4283-IVYCI,0.2396,0,Low
1866-OBPNR,0.5038,1,Medium
8205-MQUGY,0.3466,0,Low
8970-ANWXO,0.1765,0,Low
9480-BQJEI,0.211,0,Low
5394-SVGJV,0.4986,1,Medium
6979-TNDEU,0.2339,0,Low
9777-WJJPR,0.3523,0,Low
9283-LZQOH,0.5995,1,Medium
7079-QRCBC,0.8436,1,High
9495-SKLKD,0.478,1,Medium
6048-UWKAL,0.0866,0,Low
5067-DGXLL,0.471,1,Medium
5469-CTCWN,0.2036,0,Low
9851-QXEEQ,0.8303,1,High
6281-FKEWS,0.2511,0,Low
8898-KASCD,0.0775,0,Low
9242-TKFSV,0.0477,0,Low
9290-SHCMB,0.8065,1,High
0743-HNPFG,0.1235,0,Low
2277-BKJKN,0.1839,0,Low
9809-IMGCQ,0.8145,1,High
5208-HFSBT,0.5693,1,Medium
5035-PGZXH,0.3679,0,Low
8695-WDYEA,0.4752,1,Medium
6543-JXSOO,0.0808,0,Low
8016-ZMGMO,0.0752,0,Low
8605-ITULD,0.4057,1,Medium
3254-YRILK,0.8129,1,High
6416-YJTTB,0.5163,1,Medium
2667-WYLWJ,0.2366,0,Low
4472-VESGY,0.2536,0,Low
3195-TQDZX,0.3824,0,Low
3128-YOVTD,0.1994,0,Low
0529-ONKER,0.5983,1,Medium
1728-CXQBE,0.6006,1,Medium
7041-TXQJH,0.3904,0,Low
5014-GSOUQ,0.0494,0,Low
5724-BIDBU,0.142,0,Low
0481-SUMCB,0.2939,0,Low
1769-GRUIK,0.7385,1,High
5240-IJOQT,0.935,1,High
8819-WFGGJ,0.053,0,Low
7427-AUFPY,0.0181,0,Low
2811-POVEX,0.483,1,Medium
1092-GANHU,0.7124,1,High
7898-PDWQE,0.0086,0,Low
9972-EWRJS,0.0081,0,Low
9314-IJWSQ,0.7285,1,High
0661-XEYAN,0.7624,1,High
5799-JRCZO,0.0132,0,Low
1921-KYSAY,0.1505,0,Low
6198-RTPMF,0.6174,1,Medium
2924-KHUVI,0.3558,0,Low
1925-GMVBW,0.249,0,Low
7881-EVUAD,0.6862,1,Medium
6184-DYUOB,0.4163,1,Medium
9207-ZPANB,0.1198,0,Low
5766-XQXMQ,0.3497,0,Low
9327-QSDED,0.4425,1,Medium
1656-DRSMG,0.3342,0,Low
3012-VFFMN,0.1601,0,Low
2984-AFWNC,0.5786,1,Medium
0640-YJTPY,0.0039,0,Low
8096-LOIST,0.5116,1,Medium
9764-REAFF,0.0365,0,Low
3703-VAVCL,0.6423,1,Medium
7107-UBYKY,0.2072,0,Low
4881-GQJTW,0.1778,0,Low
8519-QJGJD,0.662,1,Medium
7876-DNYAP,0.0037,0,Low
7905-NJMXS,0.2609,0,Low
2882-WDTBA,0.007,0,Low
2091-GPPIQ,0.0564,0,Low
6326-MTTXK,0.7051,1,High
5071-FBJFS,0.3621,0,Low
2796-UUZZO,0.267,0,Low
2429-AYKKO,0.0115,0,Low
9798-OPFEM,0.0554,0,Low
0330-IVZHA,0.7374,1,High
3794-NFNCH,0.2334,0,Low
5193-QLVZB,0.232,0,Low
7114-AEOZE,0.0121,0,Low
2886-KEFUM,0.479,1,Medium
5522-NYKPB,0.3955,0,Low
4237-RLAQD,0.7451,1,High
9957-YODKZ,0.8479,1,High
6518-KZXCB,0.0632,0,Low
2245-ADZFJ,0.0683,0,Low
7776-QGYJC,0.2811,0,Low
9313-QOLTZ,0.17,0,Low
9651-GTSAQ,0.4079,1,Medium
3186-BAXNB,0.6442,1,Medium
4672-FOTSD,0.3098,0,Low
0637-YLETY,0.7102,1,High
9818-XQCUV,0.2869,0,Low
7338-ERIVA,0.0611,0,Low
1157-BQCUW,0.9386,1,High
8259-NFJTV,0.2825,0,Low
3223-DWFIO,0.6959,1,Medium
2660-EMUBI,0.924,1,High
6968-GMKPR,0.5921,1,Medium
4751-ERMAN,0.076,0,Low
1436-ZMJAN,0.4362,1,Medium
3292-PBZEJ,0.6892,1,Medium
0799-DDIHE,0.29,0,Low
3070-FNFZQ,0.0131,0,Low
2812-SFXMJ,0.3915,0,Low
7675-OZCZG,0.698,1,Medium
5014-WUQMG,0.245,0,Low
5312-TSZVC,0.0244,0,Low
2003-CKLOR,0.5504,1,Medium
0993-OSGPT,0.0518,0,Low
9254-RBFON,0.29,0,Low
1205-WNWPJ,0.4449,1,Medium
9391-EOYLI,0.8355,1,High
7108-DGVUU,0.1256,0,Low
2782-JEEBU,0.2624,0,Low
5127-BZENZ,0.0258,0,Low
2720-FVBQP,0.4869,1,Medium
9906-NHHVC,0.1177,0,Low
4522-XRWWI,0.1835,0,Low
3766-EJLFL,0.1348,0,Low
5939-SXWHM,0.0081,0,Low
8152-UOBNY,0.3418,0,Low
7351-KYHQH,0.5087,1,Medium
7643-RCHXS,0.0326,0,Low
8246-SHFGA,0.1736,0,Low
8387-MOJJT,0.4698,1,Medium
0620-XEFWH,0.1622,0,Low
6485-QXWWE,0.0256,0,Low
2761-OCIAX,0.8429,1,High
7321-VGNKU,0.8054,1,High
5327-CNLUQ,0.09,0,Low
7552-KEYGT,0.0352,0,Low
5816-JMLGY,0.0203,0,Low
3068-OMWZA,0.9303,1,High
2927-QRRQV,0.2895,0,Low
6032-KRXXO,0.7255,1,High
7459-RRWQZ,0.4794,1,Medium
6265-SXWBU,0.1212,0,Low
7941-RCJOW,0.0118,0,Low
6374-NTQLP,0.1804,0,Low
4154-AQUGT,0.5846,1,Medium
2387-KDZQY,0.0239,0,Low
3584-WKTTW,0.434,1,Medium
3399-BMLVW,0.0088,0,Low
1971-DTCZB,0.02,0,Low
3092-IGHWF,0.4456,1,Medium
3374-PZLXD,0.1282,0,Low
3813-DHBBB,0.0132,0,Low
2812-REYAT,0.0433,0,Low
6518-PPLMZ,0.0144,0,Low
4939-KYYPY,0.1525,0,Low
8017-LXHFA,0.7556,1,High
5930-GBIWP,0.0305,0,Low
6022-KOUQO,0.4584,1,Medium
6352-TWCAU,0.8005,1,High
2361-UPSND,0.0947,0,Low
6035-RIIOM,0.2011,0,Low
2929-QNSRW,0.4871,1,Medium
1262-OPMFY,0.7815,1,High
9504-DSHWM,0.1738,0,Low
5035-BVCXS,0.6162,1,Medium
6267-DCFFZ,0.7552,1,High
3533-UVMOM,0.008,0,Low
2439-LYPMQ,0.8246,1,High
4248-QPAVC,0.5,1,Medium
1899-VXWXM,0.3699,0,Low
1478-VPOAD,0.6957,1,Medium
9995-HOTOH,0.0931,0,Low
2988-PLAHS,0.3625,0,Low
1371-OJCEK,0.027,0,Low
4999-IEZLT,0.0662,0,Low
8883-ANODQ,0.0709,0,Low
4690-LLKUA,0.5608,1,Medium
2351-RRBUE,0.0611,0,Low
5980-BDHPY,0.0058,0,Low
1498-DQNRX,0.1624,0,Low
9469-WEJBT,0.4614,1,Medium
3331-HQDTW,0.3849,0,Low
9490-DFPMD,0.7365,1,High
2581-VKIRT,0.0387,0,Low
5442-XSDCW,0.7436,1,High
7426-WEIJX,0.3553,0,Low
2851-MMUTZ,0.2044,0,Low
3049-NDXFL,0.8592,1,High
8580-AECUZ,0.867,1,High
3307-TLCUD,0.2254,0,Low
6625-FLENO,0.0122,0,Low
2967-MXRAV,0.128,0,Low
7963-GQRMY,0.4762,1,Medium
8189-HBVRW,0.2292,0,Low
4163-KIUHY,0.2383,0,Low
1228-FZFRV,0.5127,1,Medium
3500-NSDOA,0.0216,0,Low
1171-TYKUR,0.1474,0,Low
3761-FLYZI,0.5256,1,Medium
2058-DCJBE,0.8669,1,High
5364-XYIRR,0.8223,1,High
4829-AUOAX,0.3725,0,Low
1219-NNDDO,0.8844,1,High
8388-DMKAE,0.0795,0,Low
4403-BWPAY,0.0749,0,Low
9659-QEQSY,0.3755,0,Low
5405-ZMYXQ,0.6924,1,Medium
5047-LHVLY,0.7066,1,High
1442-OKRJE,0.1866,0,Low
4737-AQCPU,0.0207,0,Low
9158-VCTQB,0.4793,1,Medium
2808-CHTDM,0.0255,0,Low
6311-UEUME,0.7304,1,High
0793-TWELN,0.591,1,Medium
3283-WCWXT,0.029,0,Low
1060-ENTOF,0.1651,0,Low
0999-QXNSA,0.4746,1,Medium
5451-MHQOF,0.0406,0,Low
4836-WNFNO,0.0058,0,Low
9225-BZLNZ,0.1239,0,Low
0354-VXMJC,0.0321,0,Low
4422-QVIJA,0.1612,0,Low
9365-SRSZE,0.698,1,Medium
6839-ITVZJ,0.3958,0,Low
8332-OSJDW,0.0559,0,Low
4735-BJKOU,0.0079,0,Low
0274-JKUJR,0.3148,0,Low
5740-YHGTW,0.2669,0,Low
8917-SZTTJ,0.0096,0,Low
1696-MZVAU,0.1068,0,Low
7359-WWYJV,0.036,0,Low
0375-HVGXO,0.8637,1,High
4906-ZHGPK,0.0749,0,Low
8593-WHYHV,0.9309,1,High
3795-GWTRD,0.0654,0,Low
1298-PHBTI,0.0946,0,Low
6223-DHJGV,0.0298,0,Low
6961-MJKBO,0.0074,0,Low
6097-EQISJ,0.4344,1,Medium
4423-YLHDV,0.6646,1,Medium
8158-WPEZG,0.4172,1,Medium
0107-YHINA,0.892,1,High
4918-FYJNT,0.3312,0,Low
0727-BNRLG,0.0993,0,Low
4854-CIDCF,0.7354,1,High
8640-SDGKB,0.5407,1,Medium
3280-MRDOF,0.0824,0,Low
6435-SRWBJ,0.7228,1,High
9964-WBQDJ,0.0189,0,Low
6303-KFWSL,0.0898,0,Low
1702-CCFNJ,0.1112,0,Low
8932-CZHRQ,0.102,0,Low
0386-CWRGM,0.0134,0,Low
5515-RUGKN,0.4355,1,Medium
0404-AHASP,0.0037,0,Low
7279-NMVJC,0.0565,0,Low
2081-VEYEH,0.65,1,Medium
6407-UTSLV,0.7186,1,High
4116-TZAQJ,0.7091,1,High
9060-HJJRW,0.2022,0,Low
2587-YNLES,0.0222,0,Low
7398-SKNQZ,0.7153,1,High
5935-FCCNB,0.8271,1,High
1958-RNRKS,0.2329,0,Low
5136-RGMZO,0.3028,0,Low
8345-MVDYC,0.0433,0,Low
8226-BXGES,0.0988,0,Low
3877-JRJIP,0.7291,1,High
8375-DKEBR,0.9177,1,High
9705-IOVQQ,0.3231,0,Low
1015-OWJKI,0.4115,1,Medium
7511-YMXVQ,0.7958,1,High
2040-XBAVJ,0.0477,0,Low
7551-JOHTI,0.5097,1,Medium
8887-IPQNC,0.4262,1,Medium
8646-JCOMS,0.0817,0,Low
9804-ICWBG,0.8747,1,High
1222-KJNZD,0.149,0,Low
0106-GHRQR,0.3445,0,Low
5318-IXUZF,0.8031,1,High
3768-VHXQO,0.0121,0,Low
8952-WCVCD,0.2588,0,Low
2418-TPEUN,0.0246,0,Low
3963-RYFNS,0.0734,0,Low
3198-VELRD,0.8699,1,High
8540-ZQGEA,0.0433,0,Low
1320-REHCS,0.4546,1,Medium
4137-JOPHL,0.0713,0,Low
9436-ZBZCT,0.7818,1,High
7801-CEDNV,0.0684,0,Low
2057-BOYKM,0.0175,0,Low
3658-QQJYD,0.1207,0,Low
1803-BGNBD,0.3541,0,Low
0134-XWXCE,0.0979,0,Low
6950-TWMYB,0.0376,0,Low
5848-FHRFC,0.0054,0,Low
2243-FNMMI,0.1516,0,Low
2511-MORQY,0.056,0,Low
5356-KZCKT,0.0252,0,Low
9470-XCCEM,0.4692,1,Medium
6519-CFDBX,0.8083,1,High
3902-MIVLE,0.0169,0,Low
0409-WTMPL,0.2507,0,Low
8763-KIAFH,0.0584,0,Low
3669-WHAFY,0.0334,0,Low
3055-VTCGS,0.0804,0,Low
3144-KMTWZ,0.3719,0,Low
7279-BUYWN,0.4853,1,Medium
7156-MHUGY,0.8515,1,High
7198-GLXTC,0.7555,1,High
2007-QVGAW,0.0113,0,Low
5207-PLSTK,0.5549,1,Medium
2307-FYNNL,0.1978,0,Low
5605-XNWEN,0.0122,0,Low
2155-AMQRX,0.2398,0,Low
6181-AXXYF,0.0205,0,Low
5091-HFAZW,0.6872,1,Medium
0516-VRYBW,0.2036,0,Low
2519-LBNQL,0.3628,0,Low
8623-ULFNQ,0.3552,0,Low
8380-PEFPE,0.8315,1,High
5687-DKDTV,0.4256,1,Medium
1568-LJSZU,0.0072,0,Low
7530-HDYDS,0.444,1,Medium
7789-HKSBS,0.2462,0,Low
7416-CKTEP,0.017,0,Low
2586-CWXVV,0.3185,0,Low
3096-IZETN,0.6402,1,Medium
2348-KCJLT,0.075,0,Low
8401-EMUWF,0.1441,0,Low
4193-IBKSW,0.0061,0,Low
5377-NDTOU,0.0099,0,Low
5922-ABDVO,0.5621,1,Medium
2474-LCNUE,0.2054,0,Low
0839-QNXME,0.0268,0,Low
3506-OVLKD,0.0358,0,Low
9172-ANCRX,0.8459,1,High
6650-VJONK,0.6486,1,Medium
2178-PMGCJ,0.5516,1,Medium
7492-TAFJD,0.1051,0,Low
2773-MADBQ,0.0322,0,Low
6016-LVTJQ,0.1021,0,Low
7860-KSUGX,0.0302,0,Low
8966-KZXXA,0.0145,0,Low
6910-HADCM,0.8077,1,High
4816-LXZYW,0.8041,1,High
9606-PBKBQ,0.794,1,High
5149-QYTTU,0.0751,0,Low
2070-XYMFH,0.5365,1,Medium
2085-BOJKI,0.3319,0,Low
0817-HSUSE,0.5005,1,Medium
5442-PPTJY,0.013,0,Low
1927-QEWMY,0.02,0,Low
1663-MHLHE,0.3801,0,Low
5663-QBGIS,0.1105,0,Low
4450-MDZFX,0.2034,0,Low
6701-DHKWQ,0.0298,0,Low
7554-AKDQF,0.3865,0,Low
3536-IQCTX,0.5502,1,Medium
4911-BANWH,0.5793,1,Medium
8496-EJAUI,0.6025,1,Medium
0794-YVSGE,0.003,0,Low
5423-BHIXO,0.3613,0,Low
6908-VVYHM,0.6099,1,Medium
2959-EEXWB,0.2337,0,Low
1839-UMACK,0.1037,0,Low
3030-YDNRM,0.8297,1,High
7321-KKSDU,0.0073,0,Low
3402-XRIUO,0.1699,0,Low
3132-TVFDZ,0.5971,1,Medium
8286-AFUYI,0.528,1,Medium
8080-DDEMJ,0.7514,1,High
8356-WUAOJ,0.7565,1,High
6365-MTGZX,0.6612,1,Medium
1349-WXNGG,0.4946,1,Medium
8058-DMYRU,0.7186,1,High
9350-ZXYJC,0.0866,0,Low
6990-YNRIO,0.3963,0,Low
8958-JPTRR,0.0802,0,Low
6959-GQEGV,0.2666,0,Low
3173-WSSUE,0.0039,0,Low
1265-HVPZB,0.0841,0,Low
4115-UMJFQ,0.1172,0,Low
7369-TRPFD,0.049,0,Low
1098-KFQEC,0.0436,0,Low
7190-XHTWJ,0.0162,0,Low
0621-TWIEM,0.7068,1,High
3537-RYBHH,0.2134,0,Low
2485-ITVKB,0.7514,1,High
3669-OYSJI,0.6603,1,Medium
1612-EOHDH,0.6906,1,Medium
6702-OHFWR,0.7968,1,High
5296-BFCYD,0.0071,0,Low
4510-PYUSH,0.3981,0,Low
9359-JANWS,0.0257,0,Low
7517-SAWMO,0.6411,1,Medium
4143-HHPMK,0.6477,1,Medium
3279-DYZQM,0.0007,0,Low
7054-LGEQW,0.7015,1,High
0523-VNGTF,0.2166,0,Low
9575-IWCAZ,0.0824,0,Low
7105-MXJLL,0.1258,0,Low
7064-FRRSW,0.3683,0,Low
7940-UQQUG,0.1571,0,Low
0923-PNFUB,0.6484,1,Medium
3961-SXAXY,0.5913,1,Medium
7010-BRBUU,0.0077,0,Low
3566-HJGPK,0.6555,1,Medium
3062-ICYZQ,0.2814,0,Low
9938-PRCVK,0.0086,0,Low
0973-KYVNF,0.0194,0,Low
5129-HHMZC,0.0439,0,Low
9637-CDTKZ,0.0541,0,Low
3946-JEWRQ,0.2848,0,Low
7873-CVMAW,0.0074,0,Low
0463-WZZKO,0.3203,0,Low
3494-JCHRQ,0.9275,1,High
6474-FVJLC,0.9099,1,High
4524-QCSSM,0.3488,0,Low
5832-EXGTT,0.1402,0,Low
8840-DQLGN,0.3221,0,Low
2039-JONDJ,0.0539,0,Low
7217-JYHOQ,0.1191,0,Low
6695-FRVEC,0.0327,0,Low
4547-LYTDD,0.593,1,Medium
9894-QMIMJ,0.0856,0,Low
8069-YQQAJ,0.4063,1,Medium
6770-XUAGN,0.4941,1,Medium
4193-ORFCL,0.7166,1,High
1636-NTNCO,0.5369,1,Medium
3466-WAESX,0.3874,0,Low
9281-PKKZE,0.5053,1,Medium
3638-VBZTA,0.0162,0,Low
7459-IMVYU,0.1592,0,Low
7776-QWNFX,0.3247,0,Low
6689-TCZHQ,0.7897,1,High
8563-OYMQY,0.4443,1,Medium
0754-EEBDC,0.0208,0,Low
5777-ZPQNC,0.0971,0,Low
1951-IEYXM,0.002,0,Low
3318-NMQXL,0.8805,1,High
3143-ILDAL,0.5846,1,Medium
1022-RKXDR,0.0423,0,Low
2361-FJWNO,0.1107,0,Low
2272-UOINI,0.3858,0,Low
8232-UTFOZ,0.0127,0,Low
3750-YHRYO,0.0422,0,Low
6637-KYRCV,0.4815,1,Medium
5668-MEISB,0.038,0,Low
0129-QMPDR,0.0621,0,Low
7188-CBBBA,0.3011,0,Low
5356-CSVSQ,0.4337,1,Medium
3221-CJMSG,0.2086,0,Low
4720-VSTSI,0.5263,1,Medium
3219-JQRSL,0.023,0,Low
2801-NISEI,0.182,0,Low
3946-MHCZW,0.6795,1,Medium
4623-ZKHLY,0.1775,0,Low
6732-VAILE,0.0185,0,Low
8201-AAXCB,0.2604,0,Low
7696-CFTAT,0.012,0,Low
1845-CSBRZ,0.3406,0,Low
2123-VSCOT,0.0202,0,Low
6651-AZVTJ,0.7719,1,High
4566-GOLUK,0.5861,1,Medium
2484-DGXPZ,0.3361,0,Low
2018-QKYGT,0.719,1,High
2792-VPPET,0.3545,0,Low
7409-JURKQ,0.2097,0,Low
3247-MHJKM,0.6459,1,Medium
1964-SVLEA,0.0476,0,Low
4587-NUKOX,0.6741,1,Medium
7297-DVYGA,0.0475,0,Low
2239-CGBUZ,0.0357,0,Low
0854-UYHZD,0.0252,0,Low
7243-LCGGZ,0.5053,1,Medium
8267-KFGYD,0.4924,1,Medium
4890-VMUAV,0.0488,0,Low
9261-WDCAF,0.5338,1,Medium
3764-MNMOI,0.01,0,Low
7442-YGZFK,0.5991,1,Medium
0420-BWTPW,0.4317,1,Medium
8229-BUJHX,0.0119,0,Low
7449-HVPIV,0.3852,0,Low
5504-WSIUR,0.104,0,Low
8183-ONMXC,0.7825,1,High
8466-PZBLH,0.0923,0,Low
9614-RMGHA,0.4757,1,Medium
8735-IJJEG,0.2461,0,Low
0564-MUUQK,0.4069,1,Medium
5054-IEXZT,0.862,1,High
5834-ASPWA,0.9211,1,High
0701-RFGFI,0.5447,1,Medium
0019-EFAEP,0.0634,0,Low
5619-PTMIK,0.2566,0,Low
3737-XBQDD,0.5065,1,Medium
5882-CMAZQ,0.3262,0,Low
5846-QFDFI,0.2729,0,Low
4445-KWOKW,0.0512,0,Low
3511-APPBJ,0.2532,0,Low
7967-HYCDE,0.5751,1,Medium
2430-RRYUW,0.0459,0,Low
3948-XHGNA,0.3531,0,Low
3723-BFBGR,0.2287,0,Low
0565-IYCGT,0.3167,0,Low
5447-WZAFP,0.3097,0,Low
5110-CHOPY,0.1301,0,Low
5445-UTODQ,0.8901,1,High
4425-OWHWB,0.0266,0,Low
7892-QVYKW,0.5209,1,Medium
9675-ICXCT,0.0581,0,Low
1024-VRZHF,0.8228,1,High
4703-MQYKT,0.0194,0,Low
9497-QCMMS,0.9366,1,High
5692-ICXLW,0.7494,1,High
0602-DDUML,0.0862,0,Low
2208-MPXIO,0.0059,0,Low
1960-UYCNN,0.788,1,High
0348-SDKOL,0.4082,1,Medium
3190-FZATL,0.1377,0,Low
7336-RLLRH,0.0784,0,Low
4373-MAVJG,0.7339,1,High
8901-HJXTF,0.4072,1,Medium
7710-JSYOA,0.0856,0,Low
5419-KLXBN,0.5282,1,Medium
3424-NMNBO,0.4859,1,Medium
9885-MFVSU,0.0185,0,Low
4514-GFCFI,0.8558,1,High
0607-MVMGC,0.1146,0,Low
3365-SAIGS,0.7115,1,High
9828-AOQLM,0.6127,1,Medium
8022-BECSI,0.025,0,Low
8000-REIQB,0.8739,1,High
9993-LHIEB,0.0331,0,Low
0266-CLZKZ,0.2041,0,Low
7615-ESMYF,0.741,1,High
3858-VOBET,0.7955,1,High
7020-OZKXZ,0.5249,1,Medium
3977-QCRSL,0.3438,0,Low
0017-DINOC,0.023,0,Low
1447-PJGGA,0.3426,0,Low
8565-CLBZW,0.5743,1,Medium
9139-WQQDY,0.318,0,Low
0224-HJAPT,0.7372,1,High
8086-OVPWV,0.9161,1,High
9430-FRQOC,0.7568,1,High
7639-OPLNG,0.0191,0,Low
3074-GQWYX,0.8422,1,High
1492-QGCLU,0.1938,0,Low
6845-RGTYS,0.4284,1,Medium
7328-OWMOM,0.0252,0,Low
4418-LZMSV,0.1933,0,Low
5155-AZQPB,0.1753,0,Low
8861-HGGKB,0.7295,1,High
1087-GRUYI,0.0113,0,Low
7065-YUNRY,0.7883,1,High
7694-VLBWQ,0.5485,1,Medium
2546-KZAAT,0.1124,0,Low
0181-RITDD,0.058,0,Low
5989-PGKJB,0.5805,1,Medium
4795-KTRTH,0.9025,1,High
8272-ONJLV,0.3354,0,Low
1488-PBLJN,0.0237,0,Low
0308-GIQJT,0.1881,0,Low
3778-FOAQW,0.0168,0,Low
4452-ROHMO,0.0306,0,Low
6481-OGDOO,0.3217,0,Low
3090-LETTY,0.305,0,Low
5349-AZPEW,0.3358,0,Low
3753-TSEMP,0.7368,1,High
8305-VHZBZ,0.6622,1,Medium
9720-JJJOR,0.0814,0,Low
8100-HZZLJ,0.1973,0,Low
8775-ERLNB,0.8045,1,High
8309-IEYJD,0.792,1,High
9172-JITSM,0.729,1,High
6298-QDFNH,0.8039,1,High
7398-HPYZQ,0.0095,0,Low
3546-GHEAE,0.0304,0,Low
7361-YPXFS,0.1579,0,Low
6557-BZXLQ,0.6199,1,Medium
2550-QHZGP,0.0322,0,Low
7519-JTWQH,0.2159,0,Low
2538-OIMXF,0.4415,1,Medium
8543-MSDMF,0.5038,1,Medium
9961-JBNMK,0.6384,1,Medium
1170-SASML,0.3477,0,Low
4872-JCVCA,0.0145,0,Low
5346-BZCHP,0.007,0,Low
2038-LLMLM,0.6135,1,Medium
6173-ITPWD,0.4436,1,Medium
9734-UYXQI,0.7936,1,High
1216-BGTSP,0.3104,0,Low
4138-NAXED,0.2559,0,Low
2189-UXTKY,0.4852,1,Medium
0744-BIKKF,0.004,0,Low
7483-IQWIB,0.5773,1,Medium
5248-KWLAR,0.0261,0,Low
4958-GZWIY,0.5792,1,Medium
7996-MHXLW,0.0103,0,Low
7833-PKIHD,0.1356,0,Low
7061-OVMIM,0.0284,0,Low
5153-RTHKF,0.4146,1,Medium
1852-QSWCD,0.0659,0,Low
4832-VRBMR,0.3377,0,Low
9079-LWTFD,0.184,0,Low
6356-ELRKD,0.7879,1,High
8624-GIOUT,0.3622,0,Low
3392-EHMNK,0.0734,0,Low
5986-WWXDV,0.0393,0,Low
3061-BCKYI,0.1625,0,Low
6179-GJPSO,0.4547,1,Medium
7901-TBKJX,0.6945,1,Medium
7228-PAQPD,0.1467,0,Low
3177-LASXD,0.8159,1,High
7746-QYVCO,0.1196,0,Low
5804-HYIEZ,0.2771,0,Low
9919-FZDED,0.0313,0,Low
5934-TSSAU,0.4688,1,Medium
3486-KHMLI,0.1545,0,Low
4897-QSUYC,0.6523,1,Medium
1084-UQCHV,0.7416,1,High
8290-YWKHZ,0.7895,1,High
2955-BJZHG,0.5934,1,Medium
3806-DXQOM,0.6847,1,Medium
6784-XYJAE,0.0843,0,Low
3933-DQPWX,0.0929,0,Low
6661-EIPZC,0.1752,0,Low
8957-THMOA,0.0157,0,Low
2251-PYLPB,0.0277,0,Low
5555-RNPGT,0.2375,0,Low
1057-FOGLZ,0.1573,0,Low
9300-RENDD,0.9319,1,High
0761-AETCS,0.4906,1,Medium
8087-LGYHQ,0.8169,1,High
4137-BTIKL,0.4024,1,Medium
2190-BCXEC,0.4253,1,Medium
6227-FBDXH,0.219,0,Low
2153-MREFK,0.4895,1,Medium
2911-WDXMV,0.4183,1,Medium
7206-PQBBZ,0.6881,1,Medium
3106-ULWFW,0.7994,1,High
0925-VYDLG,0.7964,1,High
4547-FZJWE,0.0784,0,Low
7422-WNBTY,0.7492,1,High
0842-IWYCP,0.2467,0,Low
3521-HTQTV,0.0227,0,Low
3744-ZBHON,0.4018,1,Medium
3373-DIUUN,0.0149,0,Low
8383-SGHJU,0.0862,0,Low
7607-QKKTJ,0.2072,0,Low
7707-PYBBH,0.1224,0,Low
8984-HPEMB,0.0613,0,Low
4349-GFQHK,0.7763,1,High
4139-DETXS,0.0039,0,Low
9779-DPNEJ,0.6756,1,Medium
9805-FILKB,0.0333,0,Low
5793-YOLJN,0.0165,0,Low
0673-IGUQO,0.4943,1,Medium
4123-FCVCB,0.237,0,Low
8819-IMISP,0.6561,1,Medium
7802-EFKNY,0.7219,1,High
8311-UEUAB,0.1217,0,Low
5858-EAFCZ,0.7307,1,High
8035-BUYVG,0.3728,0,Low
1163-ONYEY,0.1705,0,Low
9787-XVQIU,0.9184,1,High
8945-MUQUF,0.3669,0,Low
5656-MJEFC,0.0169,0,Low
6082-OQFBA,0.0252,0,Low
8051-HJRLT,0.9105,1,High
8974-OVACP,0.4591,1,Medium
4010-YLMVT,0.3597,0,Low
1379-FRVEB,0.7917,1,High
8612-GXIDD,0.0589,0,Low
6288-CHQJB,0.0088,0,Low
8160-HOWOX,0.6383,1,Medium
3023-GFLBR,0.5339,1,Medium
6648-INWPS,0.1933,0,Low
4223-BKEOR,0.1075,0,Low
4079-VTGLK,0.1779,0,Low
1763-WQFUK,0.39,0,Low
1391-UBDAR,0.6093,1,Medium
8894-JVDCV,0.3191,0,Low
2023-VQFDL,0.2483,0,Low
1345-GKDZZ,0.156,0,Low
2014-MKGMH,0.4155,1,Medium
5628-FCGYG,0.8236,1,High
2560-WBWXF,0.0115,0,Low
0248-IPDFW,0.6837,1,Medium
7978-DKUQH,0.6829,1,Medium
4335-UPJSI,0.0165,0,Low
0524-IAVZO,0.789,1,High
2737-YNGYW,0.7929,1,High
1784-EZDKJ,0.3108,0,Low
9297-FVVDH,0.0682,0,Low
8007-YYPWD,0.0658,0,Low
7101-HRBLJ,0.0059,0,Low
5159-YFPKQ,0.8694,1,High
6635-CPNUN,0.3644,0,Low
4021-RQSNY,0.8136,1,High
5453-YBTWV,0.0688,0,Low
5039-LZRQT,0.0291,0,Low
2931-VUVJN,0.1199,0,Low
9061-TIHDA,0.8472,1,High
8699-ASUFO,0.8006,1,High
6418-PIQSP,0.016,0,Low
8220-OCUFY,0.131,0,Low
3995-WFCSM,0.5943,1,Medium
1895-QTKDO,0.5569,1,Medium
2038-OEQZH,0.6732,1,Medium
1178-PZGAB,0.0362,0,Low
7927-AUXBZ,0.5029,1,Medium
2626-VEEWG,0.003,0,Low
2878-RMWXY,0.1045,0,Low
1657-DYMBM,0.0176,0,Low
7311-MQJCH,0.166,0,Low
7375-WMVMT,0.0772,0,Low
1136-XGEQU,0.0799,0,Low
2530-FMFXO,0.1962,0,Low
6844-DZKRF,0.4599,1,Medium
4695-WJZUE,0.9258,1,High
7619-ODSGN,0.3276,0,Low
5970-GHJAW,0.0149,0,Low
8879-XUAHX,0.067,0,Low
3689-MOZGR,0.2921,0,Low
4195-PNGZS,0.007,0,Low
5003-XZWWO,0.0252,0,Low
3988-RQIXO,0.9257,1,High
7622-FWGEW,0.0208,0,Low
6922-NCEDI,0.0275,0,Low
2514-GINMM,0.9335,1,High
9891-NQDBD,0.0444,0,Low
6131-IUNXN,0.124,0,Low
8548-AWOFC,0.1483,0,Low
9798-DRYDS,0.1714,0,Low
8532-UEFWH,0.0132,0,Low
6296-DDOOR,0.1312,0,Low
7951-VRDVK,0.1534,0,Low
5931-FLJJF,0.7833,1,High
4815-YOSUK,0.1427,0,Low
2659-VXMWZ,0.1863,0,Low
0380-NEAVX,0.3485,0,Low
3207-OYBWH,0.4517,1,Medium
4285-GYRQC,0.8683,1,High
7216-EWTRS,0.8849,1,High
4365-MSDYN,0.2114,0,Low
7036-TYDEC,0.2552,0,Low
5802-ADBRC,0.2753,0,Low
8076-FEZKJ,0.0243,0,Low
5197-YPYBZ,0.0476,0,Low
8337-MSSXB,0.7752,1,High
4312-GVYNH,0.0089,0,Low
8495-LJDFO,0.2458,0,Low
0839-JTCUD,0.0163,0,Low
5494-WOZRZ,0.0157,0,Low
1302-UHBDD,0.5829,1,Medium
2234-EOFPT,0.0203,0,Low
8619-IJNDK,0.0135,0,Low
8378-LKJAF,0.5312,1,Medium
8182-BJDSI,0.7836,1,High
2528-HFYZX,0.7919,1,High
1153-GNOLC,0.2013,0,Low
3298-QEICA,0.05,0,Low
0788-DXBFY,0.0585,0,Low
3597-YASZG,0.1509,0,Low
3496-LFSZU,0.7057,1,High
5242-UOWHD,0.0031,0,Low
2482-CZGBB,0.8186,1,High
6479-SZPLM,0.0033,0,Low
8097-VBQTZ,0.1019,0,Low
4500-HKANN,0.0883,0,Low
9917-KWRBE,0.0849,0,Low
3420-ZDBMA,0.7214,1,High
2212-LYASK,0.2054,0,Low
1393-IMKZG,0.7087,1,High
8069-RHUXK,0.0285,0,Low
3398-GCPMU,0.0312,0,Low
2908-WGAXL,0.0101,0,Low
3378-AJRAO,0.041,0,Low
1013-QCWAM,0.6231,1,Medium
0866-QLSIR,0.0858,0,Low
6050-FFXES,0.1117,0,Low
7181-BQYBV,0.6785,1,Medium
0362-RAOQO,0.0069,0,Low
9554-DFKIC,0.1829,0,Low
5527-ACHSO,0.2902,0,Low
0829-DDVLK,0.0305,0,Low
1399-UBQIU,0.5023,1,Medium
1813-JLKWR,0.0362,0,Low
0336-PIKEI,0.0207,0,Low
7322-OCWHC,0.0384,0,Low
9537-VHDTA,0.4103,1,Medium
4957-TIALW,0.0562,0,Low
2054-PJOCK,0.084,0,Low
9150-HEPMB,0.0428,0,Low
9030-QGZNL,0.081,0,Low
6204-IEUXJ,0.6723,1,Medium
3126-WQMGH,0.2344,0,Low
4529-CKBCL,0.8915,1,High
2506-CLAKW,0.7047,1,High
7176-WRTNX,0.1618,0,Low
1583-IHQZE,0.6674,1,Medium
5732-IKGQH,0.2558,0,Low
9239-GZHZE,0.0404,0,Low
7205-BAIAD,0.0178,0,Low
0151-ONTOV,0.7351,1,High
4140-MUHUG,0.9038,1,High
0093-EXYQL,0.61,1,Medium
8064-RAVOH,0.7562,1,High
0219-QAERP,0.0215,0,Low
0320-JDNQG,0.5688,1,Medium
7180-PISOG,0.8439,1,High
9168-INPSZ,0.4665,1,Medium
3571-RFHAR,0.5692,1,Medium
0015-UOCOJ,0.6089,1,Medium
5334-AFQJB,0.0102,0,Low
2754-SDJRD,0.7591,1,High
9578-VRMNM,0.4629,1,Medium
1587-FKLZB,0.512,1,Medium
6140-QNRQQ,0.8625,1,High
8963-JLGJT,0.3141,0,Low
4307-KTUMW,0.5108,1,Medium
1465-LNTLJ,0.2863,0,Low
5440-FLBQG,0.3153,0,Low
2135-DQWAQ,0.7765,1,High
4056-QHXHZ,0.0767,0,Low
7470-MCQTK,0.4626,1,Medium
7488-MXJIV,0.9129,1,High
7401-JIXNM,0.0195,0,Low
9339-FIIJL,0.0157,0,Low
2027-FECZV,0.8755,1,High
2672-DZUOY,0.8669,1,High
4706-DGAHW,0.7471,1,High
3870-MQAMG,0.5575,1,Medium
6670-MFRPK,0.0748,0,Low
6177-PEVRA,0.0584,0,Low
4800-CZMPC,0.3829,0,Low
4813-HQMGZ,0.6991,1,Medium
7579-KKLOE,0.0045,0,Low
7377-DMMRI,0.7174,1,High
8402-EIVQS,0.2609,0,Low
4947-DSMXK,0.6027,1,Medium
7245-NIIWQ,0.894,1,High
0002-ORFBO,0.2037,0,Low
3324-OIRTO,0.1576,0,Low
5414-OFQCB,0.1046,0,Low
4967-WPNCF,0.0049,0,Low
8552-OBVRU,0.314,0,Low
8499-BRXTD,0.0188,0,Low
9154-QDGTH,0.2507,0,Low
8197-BFWVU,0.0063,0,Low
2577-GVSIL,0.1859,0,Low
9367-OIUXP,0.3032,0,Low
6770-UAYGJ,0.0418,0,Low
6463-HHXJR,0.0765,0,Low
7928-VJYAB,0.669,1,Medium
1187-WILMM,0.0079,0,Low
9776-OJUZI,0.4354,1,Medium
1306-RPWXZ,0.0183,0,Low
8949-JTMAY,0.6848,1,Medium
2774-LVQUS,0.6732,1,Medium
3097-PYWXL,0.2907,0,Low
2266-SJNAT,0.1547,0,Low
0869-PAPRP,0.5054,1,Medium
4238-JSSWH,0.4238,1,Medium
2972-YDYUW,0.2777,0,Low
1104-FEJAM,0.221,0,Low
2809-ILCYT,0.0722,0,Low
5499-ECUTN,0.0878,0,Low
4981-FLTMF,0.0969,0,Low
9121-PHQSR,0.5819,1,Medium
3113-IWHLC,0.3643,0,Low
3211-ILJTT,0.5251,1,Medium
4612-THJBS,0.3715,0,Low
4277-BWBML,0.0022,0,Low
4094-NSEDU,0.8445,1,High
0234-TEVTT,0.0916,0,Low
4304-TSPVK,0.0989,0,Low
1552-AAGRX,0.3538,0,Low
2637-FKFSY,0.6322,1,Medium
9796-MVYXX,0.0391,0,Low
7874-ECPQJ,0.2494,0,Low
0020-INWCK,0.1292,0,Low
7089-RKVSZ,0.0486,0,Low
2683-JXWQQ,0.2271,0,Low
9548-ZMVTX,0.059,0,Low
8739-XNIKG,0.9198,1,High
9755-JHNMN,0.0328,0,Low
3981-QSVQI,0.2548,0,Low
2789-HQBOU,0.8635,1,High
9424-CMPOG,0.0235,0,Low
5067-WJEUN,0.0258,0,Low
3450-WXOAT,0.2794,0,Low
9251-WNSOD,0.147,0,Low
6974-DAFLI,0.0685,0,Low
2616-UUTFK,0.1455,0,Low
7064-JHXCE,0.0025,0,Low
5103-MHMHY,0.6232,1,Medium
7989-AWGEH,0.2209,0,Low
4373-VVHQL,0.7781,1,High
4559-UWIHT,0.729,1,High
7268-IGMFD,0.2966,0,Low
1846-XWOQN,0.8754,1,High
0235-KGSLC,0.8111,1,High
6650-BWFRT,0.0442,0,Low
9570-KYEUA,0.09,0,Low
6993-YGFJV,0.0979,0,Low
2712-SYWAY,0.5078,1,Medium
0730-BGQGF,0.0334,0,Low
5498-IBWPI,0.0897,0,Low
9101-NTIXF,0.3329,0,Low
0013-SMEOE,0.0625,0,Low
9314-QDMDW,0.2003,0,Low
9308-ANMVE,0.2055,0,Low
2884-GBPFB,0.6953,1,Medium
3757-NJYBX,0.5171,1,Medium
3413-DHLPB,0.2782,0,Low
7649-PHJVR,0.062,0,Low
6114-TCFID,0.0737,0,Low
3787-TRIAL,0.4143,1,Medium
2573-GYRUU,0.4488,1,Medium
5156-UMKOW,0.3697,0,Low
1247-QBVSH,0.157,0,Low
6734-GMPVK,0.5352,1,Medium
9822-OAOVB,0.7747,1,High
6161-ERDGD,0.1303,0,Low
1226-JZNKR,0.1069,0,Low
7318-EIVKO,0.5875,1,Medium
3771-PZOBW,0.5169,1,Medium
5136-KCKGI,0.3626,0,Low
8231-BSWXX,0.0996,0,Low
6486-LHTMA,0.3414,0,Low
4083-BFNYK,0.2088,0,Low
3722-WPXTK,0.9173,1,High
7389-KBFIT,0.5608,1,Medium
7176-WIONM,0.4556,1,Medium
5141-ZUVBH,0.4468,1,Medium
1089-HDMKP,0.3345,0,Low
7623-HKYRK,0.1462,0,Low
0310-SUCIN,0.1093,0,Low
5197-PYEPU,0.172,0,Low
2929-ERCFZ,0.8022,1,High
7548-SEPYI,0.9031,1,High
8835-VSDSE,0.8662,1,High
6619-RPLQZ,0.0042,0,Low
3275-RHRNE,0.1622,0,Low
3503-TYDAY,0.4304,1,Medium
6901-GOGZG,0.0737,0,Low
1623-NLDOT,0.2609,0,Low
7021-XSNYE,0.0825,0,Low
9621-OUPYD,0.0349,0,Low
9898-KZQDZ,0.5741,1,Medium
8982-NHAVY,0.245,0,Low
4307-KWMXE,0.3003,0,Low
0141-YEAYS,0.5531,1,Medium
2450-ZKEED,0.123,0,Low
3694-DELSO,0.2955,0,Low
3893-JRNFS,0.3211,0,Low
9603-OAIHC,0.8753,1,High
1133-KXCGE,0.0126,0,Low
5236-PERKL,0.1772,0,Low
0142-GVYSN,0.2232,0,Low
1049-FYSYG,0.3471,0,Low
7854-FOKSF,0.7928,1,High
2519-FAKOD,0.6748,1,Medium
8406-LNMHF,0.0752,0,Low
1821-BUCWY,0.0852,0,Low
8263-JQAIK,0.6837,1,Medium
0023-UYUPN,0.0795,0,Low
8314-DPQHL,0.1394,0,Low
1465-WCZVT,0.2976,0,Low
9481-SFCQY,0.4072,1,Medium
6360-SVNWV,0.3921,0,Low
0567-GGCAC,0.3432,0,Low
7089-IVVAZ,0.7696,1,High
8884-MRNSU,0.0306,0,Low
2171-UDMFD,0.1912,0,Low
9050-IKDZA,0.6284,1,Medium
2205-YMZZJ,0.9233,1,High
9802-CAQUT,0.0226,0,Low
1254-IZEYF,0.8013,1,High
0187-WZNAB,0.2168,0,Low
9492-TOKRI,0.6282,1,Medium
1475-VWVDO,0.8831,1,High
9221-OTIVJ,0.8589,1,High
1357-MVDOZ,0.3157,0,Low
7602-MVRMB,0.0817,0,Low
3325-FUYCG,0.2535,0,Low
5908-QMGOE,0.6109,1,Medium
1197-BVMVG,0.9155,1,High
5406-KGRMX,0.0488,0,Low
8481-YYXWG,0.7241,1,High
5968-HYJRZ,0.0062,0,Low
5198-EFNBM,0.3319,0,Low
7516-GMHUV,0.1691,0,Low
7140-ADSMJ,0.234,0,Low
2230-XTUWL,0.0129,0,Low
7706-YLMQA,0.0405,0,Low
2585-KTFRE,0.3215,0,Low
7994-UYIVZ,0.7047,1,High
2609-IAICY,0.9416,1,High
1740-CSDJP,0.6895,1,Medium
7717-BICXI,0.0069,0,Low
6559-RAKOZ,0.3556,0,Low
2636-OHFMN,0.7348,1,High
4716-MRVEN,0.0235,0,Low
2143-LJULT,0.016,0,Low
1323-OOEPC,0.6666,1,Medium
3200-MNQTF,0.0317,0,Low
6164-HXUGH,0.2206,0,Low
5630-IXDXV,0.6845,1,Medium
0320-DWVTU,0.0716,0,Low
9135-MGVPY,0.036,0,Low
1212-GLHMD,0.5504,1,Medium
7878-JGDKK,0.4288,1,Medium
1088-AUUZZ,0.0239,0,Low
0397-GZBBC,0.5737,1,Medium
6614-YWYSC,0.0148,0,Low
9588-OZDMQ,0.7058,1,High
7641-EUYET,0.4695,1,Medium
6476-EPYZR,0.1345,0,Low
9921-ZVRHG,0.8373,1,High
1174-FGIFN,0.3057,0,Low
6620-HVDUJ,0.1219,0,Low
4701-MLJPN,0.253,0,Low
1032-MAELW,0.0779,0,Low
7641-TQFHN,0.2025,0,Low
1552-TKMXS,0.1507,0,Low
9206-GVPEQ,0.5646,1,Medium
8622-ZLFKO,0.9142,1,High
1596-BBVTG,0.4411,1,Medium
6188-UXBBR,0.0217,0,Low
2333-KWEWW,0.0201,0,Low
5702-SKUOB,0.2807,0,Low
1134-YWTYF,0.2214,0,Low
6061-GWWAV,0.0872,0,Low
0679-TDGAK,0.1139,0,Low
6585-WCEWR,0.0218,0,Low
9067-YGSCA,0.0254,0,Low
9067-SQTNS,0.014,0,Low
8433-WXGNA,0.7011,1,High
1776-SPBWV,0.0314,0,Low
8735-SDUFN,0.0088,0,Low
9668-PUGNU,0.0568,0,Low
9405-GPBBG,0.1714,0,Low
1926-QUZNN,0.011,0,Low
3707-GNWHM,0.8756,1,High
7016-NVRIC,0.1388,0,Low
5829-NVSQN,0.1156,0,Low
9565-AXSMR,0.0168,0,Low
8922-LIEGH,0.7484,1,High
8869-LIHMK,0.0937,0,Low
8245-UMPYT,0.8479,1,High
5186-SAMNZ,0.824,1,High
0447-RXSGD,0.647,1,Medium
4927-WWOOZ,0.8455,1,High
5788-YPOEG,0.0266,0,Low
5373-SFODM,0.5847,1,Medium
0661-KBKPA,0.1311,0,Low
9081-WWXKP,0.0267,0,Low
0784-ZQJZX,0.0094,0,Low
3133-PZNSR,0.0334,0,Low
5766-ZJYBB,0.4395,1,Medium
8931-GJJIQ,0.9006,1,High
4277-PVRAN,0.765,1,High
0022-TCJCI,0.3078,0,Low
0722-SVSFK,0.6163,1,Medium
3612-YVGSJ,0.0172,0,Low
9825-YCXWZ,0.1784,0,Low
5397-NSKQG,0.0294,0,Low
8565-HBFNN,0.2864,0,Low
2000-DHJUY,0.0403,0,Low
0203-HHYIJ,0.1589,0,Low
8670-ERCJH,0.0538,0,Low
7758-UJWYS,0.0893,0,Low
2050-ONYDQ,0.0044,0,Low
7055-JCGNI,0.0757,0,Low
0739-UUAJR,0.0695,0,Low
4826-DXMUP,0.2469,0,Low
0952-KMEEH,0.5612,1,Medium
7285-KLOTR,0.2174,0,Low
0654-PQKDW,0.0244,0,Low
7175-NTIXE,0.2002,0,Low
7963-SHNDT,0.0508,0,Low
9796-BPKIW,0.5717,1,Medium
0188-GWFLE,0.4381,1,Medium
8129-GMVGI,0.0099,0,Low
2882-DDZPG,0.3484,0,Low
3547-LQRIK,0.0722,0,Low
9137-NOQKA,0.3705,0,Low
5843-TTHGI,0.3787,0,Low
1849-RJYIG,0.4989,1,Medium
8868-GAGIO,0.2811,0,Low
4061-UKJWL,0.4902,1,Medium
5380-XPJNZ,0.0257,0,Low
8263-QMNTJ,0.0761,0,Low
8178-EYZUO,0.4659,1,Medium
3230-JCNZS,0.0287,0,Low
0277-ORXQS,0.025,0,Low
5130-IEKQT,0.5491,1,Medium
3230-WYKIR,0.2886,0,Low
7996-BPXHY,0.0595,0,Low
3227-WLKLI,0.0092,0,Low
0407-BDJKB,0.6958,1,Medium
2266-FUBDZ,0.0267,0,Low
8237-ULIXL,0.0045,0,Low
9600-UDOPK,0.6507,1,Medium
8216-AZUUZ,0.1799,0,Low
9153-BTBVV,0.014,0,Low
4074-SJFFA,0.6838,1,Medium
3269-ATYWD,0.6168,1,Medium
5186-PEIZU,0.2249,0,Low
1074-AMIOH,0.327,0,Low
4910-GMJOT,0.91,1,High
0354-WYROK,0.5826,1,Medium
4361-FEBGN,0.009,0,Low
7748-UMTRK,0.623,1,Medium
0380-ZCSBI,0.2359,0,Low
7145-FEJWU,0.684,1,Medium
6463-MVYRY,0.0767,0,Low
3969-JQABI,0.1773,0,Low
9624-EGDEQ,0.007,0,Low
1051-EQPZR,0.1257,0,Low
5849-ASHZJ,0.0164,0,Low
5780-INQIK,0.4277,1,Medium
7576-OYWBN,0.9317,1,High
4526-ZJJTM,0.3432,0,Low
8384-FZBJK,0.6595,1,Medium
3750-RNQKR,0.2139,0,Low
0962-CQPWQ,0.0026,0,Low
3096-YXENJ,0.0937,0,Low
1265-BCFEO,0.0514,0,Low
5837-LXSDN,0.1386,0,Low
5945-AZYHT,0.2393,0,Low
8325-QRPZR,0.8064,1,High
6384-VMJHP,0.02,0,Low
2262-SLNVK,0.7994,1,High
7730-CLDSV,0.0762,0,Low
1135-HIORI,0.2879,0,Low
0164-APGRB,0.1015,0,Low
6481-ESCNL,0.4326,1,Medium
1790-NESIO,0.0523,0,Low
1550-EENBN,0.3563,0,Low
5539-TMZLF,0.9209,1,High
4323-SADQS,0.3822,0,Low
4446-BZKHU,0.7747,1,High
5202-IVJNU,0.425,1,Medium
5976-JCJRH,0.8655,1,High
8198-RKSZG,0.2135,0,Low
0137-OCGAB,0.8688,1,High
3351-NQLDI,0.3178,0,Low
9297-EONCV,0.0085,0,Low
7593-JNWRU,0.4651,1,Medium
4588-YBNIB,0.7012,1,High
1069-QJOEE,0.0311,0,Low
3336-JORSO,0.6741,1,Medium
7799-DSEWS,0.2678,0,Low
8766-PAFNE,0.0591,0,Low
5315-CKEQK,0.1165,0,Low
3130-ICDUP,0.3404,0,Low
0820-FNRNX,0.1871,0,Low
0880-FVFWF,0.3121,0,Low
4611-ANLQC,0.1046,0,Low
4213-HKBJO,0.0303,0,Low
2792-LSHWX,0.5508,1,Medium
5028-GZLDO,0.6996,1,Medium
0014-BMAQU,0.0508,0,Low
6861-XWTWQ,0.9229,1,High
9018-PCIOK,0.0545,0,Low
4837-QUSFT,0.1796,0,Low
6877-TJMBR,0.7554,1,High
9953-ZMKSM,0.0082,0,Low
0907-HQNTS,0.078,0,Low
7665-NKLAV,0.0391,0,Low
6769-DCQLI,0.5043,1,Medium
2433-KMEAS,0.5513,1,Medium
4391-LNRXK,0.3751,0,Low
8250-ZNGGW,0.2614,0,Low
2195-ZRVAX,0.6612,1,Medium
3550-SAHFP,0.8011,1,High
2011-TRQYE,0.4488,1,Medium
8562-GHPPI,0.3296,0,Low
5893-PYOLZ,0.0616,0,Low
4986-MXSFP,0.4212,1,Medium
6131-FOYAS,0.259,0,Low
3027-YNWZU,0.0118,0,Low
5609-IMCGG,0.5176,1,Medium
4873-ILOLJ,0.7305,1,High
4727-MCYZG,0.5963,1,Medium
9481-WHGWY,0.0388,0,Low
2725-KXXWT,0.8625,1,High
9565-DJPIB,0.7322,1,High
4328-VUFWD,0.1093,0,Low
3301-LSLWQ,0.2816,0,Low
7473-ZBDSN,0.011,0,Low
3166-PNEOF,0.0383,0,Low
5639-NTUPK,0.2605,0,Low
8780-YRMTT,0.0115,0,Low
8348-HFYIV,0.8775,1,High
5140-FOMCQ,0.2349,0,Low
6242-SGYTS,0.1918,0,Low
8166-ORCHU,0.2719,0,Low
8414-OOEEL,0.0234,0,Low
8454-AATJP,0.0771,0,Low
6849-WLEYG,0.4837,1,Medium
4659-NZRUF,0.7064,1,High
4531-AUZNK,0.1046,0,Low
4191-XOVOM,0.342,0,Low
2150-OEGBV,0.0404,0,Low
8429-XIBUM,0.6715,1,Medium
1855-CFULU,0.2696,0,Low
4878-BUNFV,0.013,0,Low
1872-EBWSC,0.0193,0,Low
2608-BHKFN,0.7614,1,High
7026-YMSBE,0.0123,0,Low
7341-LXCAF,0.8727,1,High
6997-UVGOX,0.0042,0,Low
9674-EHPPG,0.0745,0,Low
9462-MJUAW,0.6331,1,Medium
8128-YVJRG,0.7434,1,High
5440-VHLUL,0.3888,0,Low
5781-BKHOP,0.0367,0,Low
4283-FUTGF,0.8089,1,High
5213-TWWJU,0.3867,0,Low
1569-TTNYJ,0.923,1,High
8628-MFKAX,0.0368,0,Low
2397-BRLOM,0.7141,1,High
7629-WIXZF,0.243,0,Low
5445-GLVOT,0.453,1,Medium
3976-HXHCE,0.0195,0,Low
2466-NEJOJ,0.1384,0,Low
0254-KCJGT,0.0955,0,Low
5472-CVMDX,0.0943,0,Low
6461-SZMCV,0.0058,0,Low
8150-QUDFX,0.4189,1,Medium
9508-ILZDG,0.5632,1,Medium
2346-DJQTB,0.3282,0,Low
1697-LYYYX,0.0267,0,Low
1942-OQFRW,0.7238,1,High
4749-VFKVB,0.7389,1,High
9640-ZSLDC,0.0696,0,Low
4231-LZUYM,0.0059,0,Low
7598-UAASY,0.7708,1,High
7938-OUHIO,0.7378,1,High
8510-AWCXC,0.7629,1,High
6128-AQBMT,0.6097,1,Medium
3594-BDSOA,0.0235,0,Low
0431-APWVY,0.302,0,Low
5133-VRSAB,0.3189,0,Low
5996-DAOQL,0.5598,1,Medium
6838-YAUVY,0.1095,0,Low
0484-JPBRU,0.1953,0,Low
7883-ROJOC,0.2595,0,Low
0244-LGNFY,0.0351,0,Low
7274-CGTOD,0.0131,0,Low
4295-YURET,0.0514,0,Low
3426-NIYYL,0.5413,1,Medium
8225-BTJAU,0.8737,1,High
4635-EJYPD,0.0121,0,Low
1866-ZSLJM,0.1716,0,Low
4636-TVXVG,0.0128,0,Low
4236-UJPWO,0.672,1,Medium
9392-XBGTD,0.0102,0,Low
3387-VATUS,0.8648,1,High
6402-SSEJG,0.1299,0,Low
1143-NMNQJ,0.8958,1,High
1169-SAOCL,0.4049,1,Medium
1110-KYLGQ,0.3296,0,Low
9929-PLVPA,0.2317,0,Low
3518-PZXZQ,0.6003,1,Medium
2371-JUNGC,0.2651,0,Low
7693-QPEFS,0.3777,0,Low
0924-BJCRC,0.4095,1,Medium
5074-FBGHB,0.301,0,Low
2351-BKRZW,0.0406,0,Low
4455-BFSPD,0.1273,0,Low
0415-MOSGF,0.6564,1,Medium
1724-BQUHA,0.8477,1,High
3948-KXDUF,0.031,0,Low
2323-ARSVR,0.1037,0,Low
0815-MFZGM,0.0797,0,Low
4826-XTSOH,0.8906,1,High
5480-XTFFL,0.0141,0,Low
8295-FHIVV,0.2379,0,Low
2495-INZWQ,0.8031,1,High
9086-YJYXS,0.0837,0,Low
1179-INLAT,0.0911,0,Low
7909-FIOIY,0.2666,0,Low
4139-SUGLD,0.2788,0,Low
6857-VWJDT,0.7839,1,High
6351-SCJKT,0.3659,0,Low
5468-BPMMO,0.1692,0,Low
5624-BQSSA,0.6891,1,Medium
0197-PNKNK,0.0714,0,Low
2439-QKJUL,0.3018,0,Low
1194-SPVSP,0.3681,0,Low
9534-NSXEM,0.0222,0,Low
2408-WITXK,0.7596,1,High
8929-KSWIH,0.0987,0,Low
2250-IVBWA,0.2644,0,Low
1810-MVMAI,0.1831,0,Low
9506-UXUSK,0.7465,1,High
1229-RCALF,0.3234,0,Low
3572-UOLYZ,0.2293,0,Low
1429-UYJSV,0.0376,0,Low
5577-OTWWW,0.4909,1,Medium
6100-QQHEB,0.8101,1,High
6366-XIVKZ,0.3224,0,Low
3470-OBUET,0.0262,0,Low
2770-NSVDG,0.4198,1,Medium
9375-MHRRS,0.4157,1,Medium
2634-HCZGT,0.2854,0,Low
7503-QQRVF,0.611,1,Medium
4860-YZGZM,0.3676,0,Low
6599-GZWCM,0.2223,0,Low
2691-NZETQ,0.9007,1,High
4404-HIBDJ,0.1883,0,Low
5533-NHFRF,0.3935,0,Low
7037-MTYVW,0.0798,0,Low
4760-THGOT,0.3733,0,Low
7295-JOMMD,0.7227,1,High
4016-BJKTZ,0.22,0,Low
6584-VQMYT,0.0449,0,Low
9838-BFCQT,0.0026,0,Low
2790-XUYMV,0.089,0,Low
0581-MDMPW,0.5823,1,Medium
5013-SBUIH,0.3394,0,Low
1023-BQXZE,0.0743,0,Low
9163-GHAYE,0.3646,0,Low
3904-UKFRE,0.6042,1,Medium
5353-WILCI,0.2656,0,Low
0709-TVGUR,0.9071,1,High
0058-EVZWM,0.3341,0,Low
6023-YEBUP,0.8918,1,High
7209-JCUDS,0.8602,1,High
7009-PCARS,0.0422,0,Low
0519-DRGTI,0.1294,0,Low
1017-FBQMM,0.1999,0,Low
3001-CBHLQ,0.6582,1,Medium
1985-MBRYP,0.0232,0,Low
6158-DWPZT,0.3179,0,Low
9372-TXXPS,0.0275,0,Low
3259-QMXUN,0.0821,0,Low
1015-JPFYW,0.0309,0,Low
6645-MXQJT,0.4141,1,Medium
4360-QRAVE,0.3067,0,Low
8433-WPJTV,0.26,0,Low
5804-JMYIO,0.0099,0,Low
3763-GCZHZ,0.5628,1,Medium
6484-LATFU,0.0086,0,Low
7599-NTMDP,0.0279,0,Low
0772-GYEQQ,0.6785,1,Medium
0536-ACXIP,0.0738,0,Low
0936-NQLJU,0.0141,0,Low
4831-EOBFE,0.4882,1,Medium
1575-KRZZE,0.4889,1,Medium
3251-YMVWZ,0.0587,0,Low
4102-OQUPX,0.9306,1,High
9170-GYZJC,0.2872,0,Low
4884-LEVMQ,0.011,0,Low
8857-CUPFQ,0.018,0,Low
7610-TVOPG,0.3429,0,Low
3638-DIMPH,0.1692,0,Low
1845-ZLLIG,0.5468,1,Medium
8559-WNQZS,0.1177,0,Low
3999-QGRJH,0.8323,1,High
1699-UOTXU,0.0718,0,Low
2454-RPBRZ,0.8856,1,High
0635-WKOLD,0.0744,0,Low
5993-JSUWV,0.021,0,Low
4518-FZBSX,0.0071,0,Low
5387-ASZNZ,0.0571,0,Low
6988-CJEYV,0.4739,1,Medium
2002-MZHWP,0.5791,1,Medium
3097-FQTVJ,0.0126,0,Low
5465-BUBFA,0.0026,0,Low
7299-GNVPL,0.2447,0,Low
9743-DQKQW,0.6482,1,Medium
1215-VFYVK,0.3162,0,Low
9371-BITHB,0.0071,0,Low
2265-CYWIV,0.7804,1,High
9093-FPDLG,0.5858,1,Medium
0541-FITGH,0.4311,1,Medium
6985-HAYWX,0.3183,0,Low
7508-KBIMB,0.0789,0,Low
6838-HVLXG,0.2596,0,Low
2277-DJJDL,0.5794,1,Medium
1897-OKVMW,0.0069,0,Low
5485-ITNPC,0.0101,0,Low
0233-FTHAV,0.0906,0,Low
4644-PIZRT,0.118,0,Low
8922-NPKBJ,0.0394,0,Low
2740-TVLFN,0.6923,1,Medium
7771-CFQRQ,0.0396,0,Low
9512-PHSMG,0.2238,0,Low
6963-EZQEE,0.0261,0,Low
2452-KDRRH,0.5621,1,Medium
2004-OCQXK,0.9076,1,High
5027-QPKTE,0.8719,1,High
4146-SVFUD,0.619,1,Medium
1564-HJUVY,0.3009,0,Low
3617-XLSGQ,0.0778,0,Low
7517-LDMPS,0.7515,1,High
7244-KXYZN,0.0318,0,Low
5226-NOZFC,0.7207,1,High
2672-HUYVI,0.89,1,High
1400-WIVLL,0.173,0,Low
7508-MYBOG,0.8723,1,High
8148-NLEGT,0.0194,0,Low
0148-DCDOS,0.6336,1,Medium
8347-GDTMP,0.0113,0,Low
9992-RRAMN,0.8353,1,High
6746-WAUWT,0.0346,0,Low
0310-MVLET,0.5755,1,Medium
0428-IKYCP,0.4661,1,Medium
4550-VBOFE,0.7675,1,High
2187-PKZAY,0.6964,1,Medium
4003-OCTMP,0.0932,0,Low
6652-YFFJO,0.5757,1,Medium
7225-IILWY,0.0015,0,Low
5248-RPYWW,0.0091,0,Low
7923-IYJWY,0.1237,0,Low
3170-GWYKC,0.2098,0,Low
5696-QURRL,0.7455,1,High
7409-KIUTL,0.7672,1,High
9830-ECLEN,0.09,0,Low
1732-VHUBQ,0.4452,1,Medium
0495-RVCBF,0.9024,1,High
2668-TZSPS,0.6692,1,Medium
7854-EDSSA,0.4409,1,Medium
8869-TORSS,0.0607,0,Low
7446-SFAOA,0.0223,0,Low
9522-ZSINC,0.065,0,Low
8234-GSZYK,0.0245,0,Low
6505-OZNPG,0.1013,0,Low
6164-HAQTX,0.0103,0,Low
0679-IDSTG,0.8303,1,High
7765-LWVVH,0.0802,0,Low
1658-TJVOA,0.715,1,High
0953-LGOVU,0.2194,0,Low
2115-BFTIW,0.4884,1,Medium
4692-NNQRU,0.1969,0,Low
7742-MYPGI,0.3281,0,Low
0611-DFXKO,0.6694,1,Medium
7780-OTDSO,0.7681,1,High
9619-GSATL,0.1134,0,Low
5622-UEJFI,0.0214,0,Low
9747-DDZOS,0.7733,1,High
0674-DGMAQ,0.6851,1,Medium
6203-HBZPA,0.0361,0,Low
0484-FFVBJ,0.2552,0,Low
0301-FIDRB,0.0118,0,Low
4139-JPIAM,0.1771,0,Low
2181-TIDSV,0.0052,0,Low
2761-XECQW,0.4164,1,Medium
1936-CZAKF,0.1692,0,Low
9453-PATOS,0.0058,0,Low
0564-JJHGS,0.9189,1,High
3348-CFRNX,0.6032,1,Medium
4402-FTBXC,0.2723,0,Low
1428-GTBJJ,0.8285,1,High
2931-XIQBR,0.1489,0,Low
0106-UGRDO,0.0943,0,Low
5542-TBBWB,0.7221,1,High
1930-QPBVZ,0.0553,0,Low
2606-PKWJB,0.086,0,Low
5322-ZSMZY,0.0196,0,Low
8059-UDZFY,0.6363,1,Medium
7740-BTPUX,0.1861,0,Low
5220-AGAAX,0.0144,0,Low
0208-BPQEJ,0.244,0,Low
9435-JMLSX,0.0323,0,Low
3352-ALMCK,0.6105,1,Medium
5312-IRCFR,0.2242,0,Low
5294-IMHHT,0.1289,0,Low
8802-UNOJF,0.5836,1,Medium
6313-GIDIT,0.5896,1,Medium
6176-YJWAS,0.0638,0,Low
5310-NOOVA,0.0467,0,Low
4526-EXKKN,0.0224,0,Low
5311-IHLEI,0.28,0,Low
3987-KQDDU,0.4045,1,Medium
3404-JNXAX,0.4528,1,Medium
5131-PONJI,0.3282,0,Low
2845-AFFTX,0.8369,1,High
3489-VSFRD,0.0546,0,Low
3345-JHUEO,0.3913,0,Low
5815-HGGHV,0.1356,0,Low
5260-UMPWX,0.1837,0,Low
2249-YPRNG,0.7574,1,High
7410-YTJIK,0.6866,1,Medium
4626-GYCZP,0.9376,1,High
5649-RXQTV,0.6583,1,Medium
2674-MIAHT,0.7472,1,High
2576-HXMPA,0.3175,0,Low
7587-AOVVU,0.3001,0,Low
5590-BYNII,0.7108,1,High
6898-MDLZW,0.3354,0,Low
3237-AJGEH,0.471,1,Medium
4707-YNOQA,0.0532,0,Low
9357-UJRUN,0.1674,0,Low
1591-NFNLQ,0.4842,1,Medium
8648-PFRMP,0.6965,1,Medium
7663-CUXZB,0.168,0,Low
0258-NOKBL,0.5149,1,Medium
1163-VIPRI,0.0829,0,Low
2815-CPTUL,0.8176,1,High
9348-ROUAI,0.0096,0,Low
9443-JUBUO,0.0243,0,Low
0596-BQCEQ,0.6057,1,Medium
1481-ZUWZA,0.5192,1,Medium
3043-TYBNO,0.2771,0,Low
4830-FAXFM,0.206,0,Low
5906-BFOZT,0.5487,1,Medium
2960-NKRSO,0.5181,1,Medium
8996-ZROXE,0.0998,0,Low
5598-IKHQQ,0.0251,0,Low
0397-ZXWQF,0.0104,0,Low
5266-PFRQK,0.0735,0,Low
4674-HGNUA,0.007,0,Low
6765-MBQNU,0.0406,0,Low
9786-IJYDL,0.152,0,Low
1303-SRDOK,0.0897,0,Low
3769-MHZNV,0.0124,0,Low
6295-OSINB,0.0968,0,Low
3308-MHOOC,0.4721,1,Medium
2309-OSFEU,0.5258,1,Medium
2207-QPJED,0.3821,0,Low
4177-JPDFU,0.2738,0,Low
2239-CFOUJ,0.1707,0,Low
8046-DNVTL,0.0174,0,Low
2209-XADXF,0.5589,1,Medium
6620-JDYNW,0.2995,0,Low
1891-FZYSA,0.7109,1,High
4770-UEZOX,0.8599,1,High
1038-RQOST,0.1073,0,Low
7613-LLQFO,0.8818,1,High
4568-TTZRT,0.3518,0,Low
9513-DXHDA,0.1159,0,Low
2640-PMGFL,0.6555,1,Medium
3801-HMYNL,0.7381,1,High
0516-QREYC,0.2274,0,Low
9685-WKZGT,0.8467,1,High
6022-UGGSO,0.6164,1,Medium
8084-OIVBS,0.0601,0,Low
8896-BQTTI,0.5524,1,Medium
3865-QBWSJ,0.2631,0,Low
3352-RICWQ,0.0235,0,Low
2160-GPFXD,0.0201,0,Low
2065-MMKGR,0.184,0,Low
5857-TYBCJ,0.7191,1,High
1498-NHTLT,0.0538,0,Low
4484-CGXFK,0.8081,1,High
1402-PTHGN,0.0588,0,Low
4176-RELJR,0.0099,0,Low
6214-EDAKZ,0.3327,0,Low
5199-FPUSP,0.0538,0,Low
6377-KSLXC,0.2842,0,Low
1796-JANOW,0.4016,1,Medium
0238-WHBIQ,0.0246,0,Low
8735-NBLWT,0.1876,0,Low
6651-RLGGM,0.0072,0,Low
6127-ISGTU,0.8479,1,High
1614-JBEBI,0.2738,0,Low
8740-XLHDR,0.4682,1,Medium
1208-DNHLN,0.2462,0,Low
1761-AEZZR,0.9117,1,High
3923-CSIHK,0.6636,1,Medium
5696-EXCYS,0.0357,0,Low
5795-KTGUD,0.089,0,Low
7120-RFMVS,0.8616,1,High
7924-GJZFI,0.675,1,Medium
4702-HDRKD,0.0381,0,Low
8512-WIWYV,0.0151,0,Low
5897-ZYEKH,0.1953,0,Low
5456-ITGIC,0.0212,0,Low
7317-GGVPB,0.2337,0,Low
1406-PUQVY,0.66,1,Medium
1322-AGOQM,0.4423,1,Medium
3677-IYRBF,0.6657,1,Medium
5692-FPTAH,0.785,1,High
9114-AAFQH,0.1207,0,Low
8715-KKTFG,0.2143,0,Low
1550-LOAHA,0.4348,1,Medium
1728-BQDMA,0.6726,1,Medium
0268-QKIWO,0.5402,1,Medium
0876-WDUUZ,0.6948,1,Medium
5117-ZSMHQ,0.0119,0,Low
5151-HQRDG,0.1472,0,Low
0960-HUWBM,0.1071,0,Low
6465-GSRCL,0.244,0,Low
0617-FHSGK,0.5297,1,Medium
0263-FJTQO,0.0539,0,Low
7319-ZNRTR,0.0411,0,Low
2858-MOFSQ,0.3182,0,Low
7503-EPSZW,0.0108,0,Low
7089-XXAYG,0.1609,0,Low
8118-LSUEL,0.7399,1,High
8070-AAWZP,0.2691,0,Low
1666-JXLKU,0.7988,1,High
7855-DIWPO,0.7239,1,High
5133-POWUA,0.7482,1,High
5652-MSDEY,0.7382,1,High
7005-CCBKV,0.8612,1,High
1810-BOHSY,0.2096,0,Low
1784-BXEFA,0.3022,0,Low
7351-MHQVU,0.2737,0,Low
9224-VTYID,0.0306,0,Low
9500-IWPXQ,0.0667,0,Low
5762-TJXGK,0.0363,0,Low
4504-YOULA,0.209,0,Low
5569-IDSEY,0.3305,0,Low
4250-FDVOU,0.5159,1,Medium
7284-ZZLOH,0.0271,0,Low
5277-ZLOOR,0.7637,1,High
2141-RRYGO,0.5671,1,Medium
1777-JYQPJ,0.489,1,Medium
6376-GAHQE,0.6735,1,Medium
3401-URHDA,0.0311,0,Low
1599-EAHXY,0.0171,0,Low
8631-XVRZL,0.0448,0,Low
5052-PNLOS,0.8141,1,High
3853-LYGAM,0.4137,1,Medium
6979-ZNSFF,0.9006,1,High
5751-USDBL,0.0116,0,Low
5680-LQOGP,0.0112,0,Low
2386-LAHRK,0.753,1,High
8189-DUKMV,0.1161,0,Low
6032-IGALN,0.7485,1,High
9931-DCEZH,0.1218,0,Low
1898-JSNDC,0.1166,0,Low
0315-LVCRK,0.6148,1,Medium
3911-RSNHI,0.0211,0,Low
2410-CIYFZ,0.2155,0,Low
4248-HCETZ,0.4663,1,Medium
5505-OVWQW,0.0346,0,Low
7271-AJDTL,0.4496,1,Medium
1867-TJHTS,0.241,0,Low
0516-WJVXC,0.5753,1,Medium
9174-FKWZE,0.5811,1,Medium
6860-YRJZP,0.8698,1,High
4429-WYGFR,0.189,0,Low
2817-LVCPP,0.0367,0,Low
5038-ETMLM,0.0212,0,Low
5056-FIMPT,0.2507,0,Low
4521-WFJAI,0.0344,0,Low
6569-KTMDU,0.3104,0,Low
8809-RIHDD,0.4292,1,Medium
8809-XKHMD,0.0509,0,Low
0396-YCHWO,0.7685,1,High
0867-LDTTC,0.3093,0,Low
4822-NGOCH,0.8597,1,High
9391-DXGGG,0.1753,0,Low
9844-FELAJ,0.2885,0,Low
2122-SZZZD,0.0206,0,Low
5307-DZCVC,0.5793,1,Medium
3148-AOIQT,0.0089,0,Low
8679-JOEVF,0.4381,1,Medium
8395-ETZKQ,0.0277,0,Low
6692-YQHXC,0.5142,1,Medium
3889-VWBID,0.0343,0,Low
5222-JCXZT,0.2374,0,Low
9754-CLVZW,0.2337,0,Low
1432-FPAXX,0.5736,1,Medium
2739-CCZMB,0.1961,0,Low
7080-TNUWP,0.1374,0,Low
0496-AHOOK,0.0818,0,Low
8336-TAVKX,0.0286,0,Low
2468-SJFLM,0.6289,1,Medium
3181-VTHOE,0.1357,0,Low
7168-HDQHG,0.1132,0,Low
4803-AXVYP,0.6949,1,Medium
3884-HCSWG,0.7537,1,High
4567-AKPIA,0.2329,0,Low
5077-DXTCG,0.8495,1,High
1142-WACZW,0.5505,1,Medium
7901-HXJVA,0.5297,1,Medium
5649-ANRML,0.681,1,Medium
4892-VLANZ,0.5327,1,Medium
5924-IFQTT,0.3106,0,Low
7968-QUXNS,0.1965,0,Low
2919-HBCJO,0.7058,1,High
4236-XPXAV,0.759,1,High
8903-WMRNW,0.5061,1,Medium
2452-SNHFZ,0.3109,0,Low
3629-WEAAM,0.2726,0,Low
6029-CSMJE,0.3115,0,Low
7993-NQLJE,0.251,0,Low
9909-DFRJA,0.2629,0,Low
9099-FTUHS,0.2854,0,Low
0581-BXBUB,0.6631,1,Medium
4962-CHQPW,0.0111,0,Low
9467-ROOLM,0.1155,0,Low
3030-YZADT,0.4825,1,Medium
7410-KTVFV,0.288,0,Low
5150-ITWWB,0.9302,1,High
2253-KPMNB,0.01,0,Low
1345-ZUKID,0.051,0,Low
6429-SHBCB,0.2824,0,Low
9281-OFDMF,0.4727,1,Medium
2603-HVKCG,0.6607,1,Medium
1834-WULEG,0.0096,0,Low
9097-ZUBYC,0.3022,0,Low
5148-ORICT,0.0096,0,Low
4893-GYUJU,0.0317,0,Low
4578-PHJYZ,0.0809,0,Low
7272-QDCKA,0.2716,0,Low
8908-SLFCJ,0.0317,0,Low
8393-DLHGA,0.6733,1,Medium
9766-HGEDE,0.0299,0,Low
6968-MHOMU,0.2411,0,Low
7395-IGJOS,0.5487,1,Medium
5044-XDPYX,0.0216,0,Low
1814-WFGVS,0.0296,0,Low
2834-SPCJV,0.5845,1,Medium
3721-WKIIL,0.035,0,Low
6734-CKRSM,0.2715,0,Low
1265-ZFOSD,0.0065,0,Low
6568-POCUI,0.0999,0,Low
7890-VYYWG,0.685,1,Medium
5197-LQXXH,0.0356,0,Low
9907-SWKKF,0.703,1,High
3457-PQBYH,0.0041,0,Low
7682-AZNDK,0.5829,1,Medium
0587-DMGBH,0.64,1,Medium
5384-ZTTWP,0.1337,0,Low
3745-HRPHI,0.0165,0,Low
7636-OWBPG,0.4038,1,Medium
1231-YNDEK,0.0485,0,Low
1407-DIGZV,0.0344,0,Low
6397-JNZZG,0.4241,1,Medium
0570-BFQHT,0.5891,1,Medium
4393-OBCRR,0.0922,0,Low
3523-QRQLL,0.2439,0,Low
8564-LDKFL,0.3138,0,Low
3696-DFHHB,0.0066,0,Low
0895-DQHEW,0.8115,1,High
4717-GHADL,0.0484,0,Low
5501-TVMGM,0.8067,1,High
5879-HMFFH,0.0101,0,Low
6772-WFQRD,0.0255,0,Low
3810-DVDQQ,0.0227,0,Low
6972-SNKKW,0.3256,0,Low
3694-GLTJM,0.2955,0,Low
8550-XSXUQ,0.1686,0,Low
8149-RSOUN,0.9436,1,High
9055-MOJJJ,0.0376,0,Low
4359-INNWN,0.063,0,Low
0585-EGDDA,0.5326,1,Medium
4032-RMHCI,0.0879,0,Low
0549-CYCQN,0.11,0,Low
3481-JHUZH,0.7111,1,High
7250-EQKIY,0.5632,1,Medium
3594-IVHJZ,0.3816,0,Low
6869-FGJJC,0.1192,0,Low
3896-ZVNET,0.0252,0,Low
8205-VSLRB,0.0339,0,Low
5960-MVTUK,0.6017,1,Medium
6817-WTYHE,0.5698,1,Medium
3082-VQXNH,0.3711,0,Low
4013-UBXWQ,0.6409,1,Medium
4931-TRZWN,0.451,1,Medium
0750-EKNGL,0.2837,0,Low
7669-LCRSD,0.3506,0,Low
3567-PQTSO,0.3451,0,Low
5519-NPHVG,0.8914,1,High
8043-PNYSD,0.0014,0,Low
9938-EKRGF,0.194,0,Low
2703-AMTUL,0.0619,0,Low
0928-JMXNP,0.6064,1,Medium
8173-RXAYP,0.0127,0,Low
4825-XJGDM,0.042,0,Low
5402-HTOTQ,0.3714,0,Low
6734-JDTTV,0.0111,0,Low
7850-THJMU,0.0214,0,Low
3890-RTCMS,0.338,0,Low
8849-GYOKR,0.24,0,Low
3148-BLQJT,0.6902,1,Medium
3717-FDJFU,0.0417,0,Low
3665-JATSN,0.5062,1,Medium
7966-YOTQW,0.3235,0,Low
0461-CVKMU,0.4633,1,Medium
8806-EAGWC,0.6401,1,Medium
8853-TZDGH,0.0953,0,Low
7779-LGOVN,0.8774,1,High
4324-BZCKL,0.3844,0,Low
6924-TDGMT,0.0414,0,Low
9710-ZUSHQ,0.3828,0,Low
1536-YHDOE,0.0863,0,Low
8123-QBNAZ,0.3486,0,Low
3629-ZNKXA,0.6736,1,Medium
4827-LTQRJ,0.2113,0,Low
7711-YIJWC,0.1821,0,Low
5482-VXSXJ,0.5891,1,Medium
7365-BVCJH,0.6652,1,Medium
9620-ENEJV,0.5174,1,Medium
4183-WCSEP,0.5889,1,Medium
2378-YIZKA,0.0337,0,Low
5498-TXHLF,0.5786,1,Medium
0689-DSXGL,0.1611,0,Low
6818-DJXAA,0.4562,1,Medium
9722-UJOJR,0.6697,1,Medium
0464-WJTKO,0.0083,0,Low
8902-ZEOVF,0.0082,0,Low
6778-EICRF,0.15,0,Low
2662-NNTDK,0.0679,0,Low
4132-KALRO,0.6608,1,Medium
3902-FOIGH,0.8906,1,High
6772-KSATR,0.6507,1,Medium
7112-OPOTK,0.5877,1,Medium
2874-YXVVA,0.4253,1,Medium
1245-HARPS,0.0283,0,Low
4210-QFJMF,0.902,1,High
4323-ELYYB,0.0399,0,Low
4293-ETKAP,0.0901,0,Low
6064-PUPMC,0.0505,0,Low
6504-VBLFL,0.066,0,Low
6322-PJJDJ,0.2299,0,Low
0330-BGYZE,0.1764,0,Low
1085-LDWAM,0.0283,0,Low
7586-ZATGZ,0.7648,1,High
7197-VOJMM,0.0315,0,Low
3318-OSATS,0.8443,1,High
5828-AVIPD,0.4331,1,Medium
1843-TLSGD,0.0119,0,Low
9626-VFRGG,0.3755,0,Low
7075-BNDVQ,0.3803,0,Low
9143-CANJF,0.246,0,Low
7284-BUYEC,0.5713,1,Medium
2041-JIJCI,0.5371,1,Medium
1086-LXKFY,0.8042,1,High
4900-MSOMT,0.013,0,Low
2229-VWQJH,0.3167,0,Low
9194-GFVOI,0.0243,0,Low
1336-EZFZY,0.2928,0,Low
4282-MSACW,0.2811,0,Low
1403-LKLIK,0.0221,0,Low
2636-ALXXZ,0.8862,1,High
7774-OJSXI,0.5379,1,Medium
7786-WBJYI,0.6999,1,Medium
0136-IFMYD,0.1934,0,Low
5144-TVGLP,0.5329,1,Medium
9643-AVVWI,0.7042,1,High
0253-ZTEOB,0.0571,0,Low
2706-QZIHY,0.056,0,Low
6061-PQHMK,0.0314,0,Low
9885-CSMWE,0.8574,1,High
6137-MFAJN,0.3317,0,Low
9122-UMROB,0.674,1,Medium
4232-JGKIY,0.3458,0,Low
2402-TAIRZ,0.147,0,Low
9659-ZTWSM,0.3179,0,Low
9139-TWBAS,0.0916,0,Low
6685-GBWJZ,0.0658,0,Low
5016-ETTFF,0.5167,1,Medium
3866-MDTUB,0.6594,1,Medium
2195-VVRJF,0.3229,0,Low
3913-RDSJZ,0.0077,0,Low
8058-JMEQO,0.8853,1,High
4203-QGNZA,0.0894,0,Low
5043-TRZWM,0.7496,1,High
0697-ZMSWS,0.9253,1,High
7657-DYEPJ,0.2351,0,Low
9494-BDNNC,0.3555,0,Low
1640-PLFMP,0.9054,1,High
5366-OBVMR,0.267,0,Low
8276-MQBYC,0.8358,1,High
7644-OMVMY,0.0267,0,Low
7593-XFKDI,0.7307,1,High
4573-JKNAE,0.0422,0,Low
0337-CNPZE,0.7856,1,High
9817-APLHW,0.2856,0,Low
8380-MQINP,0.0047,0,Low
0840-DFEZH,0.8393,1,High
1513-XNPPH,0.7302,1,High
8690-ZVLCL,0.0187,0,Low
6015-VVHHE,0.798,1,High
1125-SNVCK,0.2717,0,Low
0384-LPITE,0.1267,0,Low
4616-EWBNJ,0.0639,0,Low
6347-DCUIK,0.7152,1,High
1335-HQMKX,0.3343,0,Low
2545-EBUPK,0.9319,1,High
6923-AQONU,0.0055,0,Low
2172-EJXVF,0.3395,0,Low
0897-FEGMU,0.9093,1,High
7663-RGWBC,0.7319,1,High
1120-BMWUB,0.4275,1,Medium
9124-LHCJQ,0.8844,1,High
4536-PLEQY,0.6034,1,Medium
7029-IJEJK,0.064,0,Low
8871-JLMHM,0.0804,0,Low
2235-ZGKPT,0.5494,1,Medium
3891-PUQOD,0.6436,1,Medium
5447-VYTKW,0.1523,0,Low
3623-FQBOX,0.2008,0,Low
0689-NKYLF,0.7891,1,High
8659-HDIYE,0.1536,0,Low
3658-KIBGF,0.6487,1,Medium
3474-BAFSJ,0.0336,0,Low
5519-YLDGW,0.741,1,High
3865-ZFZIB,0.0208,0,Low
1855-AGAWH,0.3729,0,Low
7109-CQYUZ,0.0614,0,Low
1370-GGAWX,0.3385,0,Low
4680-KUTAJ,0.5156,1,Medium
5307-UVGNB,0.2729,0,Low
4946-EDSEW,0.2351,0,Low
2883-ILGWO,0.3339,0,Low
2516-VQRRV,0.8235,1,High
7580-UGXNC,0.5126,1,Medium
3642-BYHDO,0.0083,0,Low
9629-NHXFW,0.5871,1,Medium
2696-RZVZW,0.009,0,Low
5766-FTRTS,0.0069,0,Low
0396-HUJBP,0.3744,0,Low
5178-LMXOP,0.904,1,High
8879-ZKJOF,0.1056,0,Low
6285-FTQBF,0.0085,0,Low
8185-UPYBR,0.9193,1,High
4585-HETAI,0.8469,1,High
7526-BEZQB,0.8603,1,High
1474-JUWSM,0.0859,0,Low
3530-CRZSB,0.3166,0,Low
8498-XXGWA,0.1656,0,Low
9617-INGJY,0.7889,1,High
0621-TSSMU,0.0453,0,Low
7234-KMNRQ,0.2473,0,Low
7636-PEPNS,0.0857,0,Low
4683-WYDOU,0.1206,0,Low
9052-DHNKM,0.1539,0,Low
6794-HKIAJ,0.1816,0,Low
5578-NKCXI,0.1693,0,Low
1642-HMARX,0.0286,0,Low
3096-WPXBT,0.1549,0,Low
8434-PNQZX,0.0481,0,Low
5950-AAAGJ,0.3961,0,Low
4299-OPXEJ,0.0308,0,Low
4951-UKAAQ,0.8987,1,High
9618-LFJRU,0.242,0,Low
6693-DJWTY,0.0494,0,Low
0744-GKNGE,0.1458,0,Low
6447-EGDIV,0.0222,0,Low
1167-OYZJF,0.0218,0,Low
2108-YKQTY,0.4768,1,Medium
4806-DXQCE,0.0843,0,Low
4918-QLLIW,0.5989,1,Medium
7056-IMHCC,0.8022,1,High
4854-SSLTN,0.0824,0,Low
5294-DMSFH,0.5309,1,Medium
4837-PZTIC,0.0341,0,Low
1625-JAIIY,0.4009,1,Medium
0603-OLQDC,0.2772,0,Low
3272-VUHPV,0.2777,0,Low
4176-FXYBO,0.3997,0,Low
1063-DHQJF,0.0606,0,Low
8663-UPDGF,0.2337,0,Low
6719-FGEDO,0.0509,0,Low
1837-YQUCE,0.0205,0,Low
2947-DOMLJ,0.4293,1,Medium
4112-LUEIZ,0.8682,1,High
0369-ZGOVK,0.139,0,Low
4510-HIMLV,0.8801,1,High
9919-KNPOO,0.8038,1,High
8749-JMNKX,0.4447,1,Medium
7872-BAAZR,0.03,0,Low
9391-LMANN,0.1589,0,Low
2430-USGXP,0.8263,1,High
8174-TBVCF,0.0142,0,Low
1698-XFZCI,0.2544,0,Low
1877-HKBQX,0.1172,0,Low
4450-DLLMH,0.6917,1,Medium
0428-AXXLJ,0.0277,0,Low
2746-DIJLO,0.1322,0,Low
5955-ERIHD,0.831,1,High
0917-EZOLA,0.3142,0,Low
3508-VLHCZ,0.0038,0,Low
4086-ATNFV,0.0731,0,Low
0468-YRPXN,0.3828,0,Low
5996-NRVXR,0.1246,0,Low
3739-YBWAB,0.0639,0,Low
7047-FWEYA,0.3216,0,Low
2000-MPKCA,0.2693,0,Low
9762-YAQAA,0.1311,0,Low
5949-EBSQK,0.3397,0,Low
5473-KHBPS,0.1321,0,Low
0100-DUVFC,0.4568,1,Medium
5397-TUPSH,0.0921,0,Low
8950-MTZNV,0.6691,1,Medium
0326-VDYXE,0.3617,0,Low
6773-LQTVT,0.3598,0,Low
7274-RTAPZ,0.9277,1,High
0436-TWFFZ,0.0133,0,Low
8566-YPRGL,0.5242,1,Medium
0311-UNPFF,0.6456,1,Medium
6609-MXJHJ,0.05,0,Low
2669-OIDSD,0.3282,0,Low
8400-WZICQ,0.1744,0,Low
3834-XUIFC,0.8604,1,High
9576-SYUHJ,0.5251,1,Medium
0410-IPFTY,0.5271,1,Medium
2831-EBWRN,0.68,1,Medium
9430-NKQLY,0.0157,0,Low
8414-MYSHR,0.8719,1,High
0247-SLUJI,0.4425,1,Medium
9402-ORRAH,0.6702,1,Medium
6483-OATDN,0.3066,0,Low
1293-HHSHJ,0.0201,0,Low
4840-ORQXB,0.5108,1,Medium
7599-FKVXZ,0.554,1,Medium
3982-DQLUS,0.176,0,Low
8610-ZIKJJ,0.1373,0,Low
3756-VNWDH,0.2851,0,Low
7801-KICAO,0.7074,1,High
7673-LPRNY,0.1559,0,Low
8229-TNIQA,0.6302,1,Medium
6060-QBMGV,0.0034,0,Low
7339-POGZN,0.6106,1,Medium
2828-SLQPF,0.3619,0,Low
4465-VDKIQ,0.4289,1,Medium
2921-XWDJH,0.4128,1,Medium
6221-AVQYL,0.7852,1,High
2558-BUOZZ,0.0806,0,Low
9257-AZMTZ,0.0133,0,Low
0003-MKNFE,0.3892,0,Low
0975-UYDTX,0.1028,0,Low
7743-EXURX,0.6175,1,Medium
4682-BLBUC,0.0933,0,Low
0975-VOOVL,0.4011,1,Medium
5968-VXZLG,0.5287,1,Medium
5569-KGJHX,0.7922,1,High
4988-IQIGL,0.9103,1,High
5201-FRKKS,0.3086,0,Low
9799-CAYJJ,0.8164,1,High
7730-IUTDZ,0.5553,1,Medium
0426-TIRNE,0.6579,1,Medium
5443-SCMKX,0.3088,0,Low
8295-KMENE,0.0294,0,Low
6738-ISCBM,0.2047,0,Low
9821-BESNZ,0.4262,1,Medium
3678-MNGZX,0.0049,0,Low
1335-NTIUC,0.7262,1,High
2916-BQZLN,0.4538,1,Medium
4558-CGYCZ,0.3315,0,Low
2368-GAKKQ,0.0829,0,Low
8710-YGLWG,0.734,1,High
3199-XGZCY,0.9088,1,High
3785-KTYSH,0.0373,0,Low
6814-ZPWFQ,0.0693,0,Low
4063-EIKNQ,0.1725,0,Low
6993-YCOBK,0.1247,0,Low
5206-HPJKM,0.3094,0,Low
7587-RZNME,0.7828,1,High
0748-RDGGM,0.4468,1,Medium
8393-JMVMB,0.3998,0,Low
5019-GQVCR,0.7049,1,High
6036-TTFYU,0.1857,0,Low
2550-AEVRU,0.0786,0,Low
0969-RGKCU,0.0102,0,Low
0378-CJKPV,0.0312,0,Low
4706-AXVKM,0.7312,1,High
5889-JTMUL,0.7267,1,High
9026-RNUJS,0.7033,1,High
3746-EUBYR,0.8403,1,High
2332-EFBJY,0.2793,0,Low
2880-FPNAE,0.8596,1,High
1703-MGIAB,0.3192,0,Low
4311-QTTAI,0.0372,0,Low
9474-PHLYD,0.6017,1,Medium
4318-RAJVY,0.0455,0,Low
2165-VOEGB,0.3066,0,Low
3612-YUNGG,0.061,0,Low
2254-DLXRI,0.7964,1,High
5062-CJJKH,0.1103,0,Low
9028-LIHRP,0.0427,0,Low
2219-MVUSO,0.5088,1,Medium
1053-MXTTK,0.041,0,Low
1530-ZTDOZ,0.2756,0,Low
1301-LOPVR,0.123,0,Low
0853-TWRVK,0.0447,0,Low
8914-RBTSB,0.5132,1,Medium
6212-ATMLK,0.7056,1,High
8200-LGKSR,0.0713,0,Low
1568-BEKZM,0.0323,0,Low
0670-ANMUU,0.1812,0,Low
6897-RWMUB,0.0137,0,Low
0963-ZBDRN,0.5717,1,Medium
7594-RQHXR,0.8731,1,High
6999-CHVCF,0.1458,0,Low
6134-KWTBV,0.0242,0,Low
1077-HUUJM,0.8151,1,High
6331-EWIEB,0.828,1,High
0895-LNKRC,0.0355,0,Low
2045-BMBTJ,0.247,0,Low
8417-GSODA,0.2597,0,Low
5171-EPLKN,0.0235,0,Low
4452-QIIEB,0.4595,1,Medium
5998-VVEJY,0.6898,1,Medium
1624-NALOJ,0.9189,1,High
6741-EGCBI,0.3759,0,Low
7820-ZYGNY,0.1611,0,Low
4317-VTEOA,0.7107,1,High
9677-AVKED,0.1315,0,Low
1670-SVOWZ,0.6199,1,Medium
2227-JRSJX,0.4672,1,Medium
9847-HNVGP,0.0435,0,Low
6696-YDAYZ,0.0202,0,Low
8980-WQFWL,0.3927,0,Low
1730-ZMAME,0.6731,1,Medium
6506-EYCNH,0.2077,0,Low
4634-JLRJT,0.5213,1,Medium
9501-UKKNL,0.2639,0,Low
2560-QTSBS,0.0416,0,Low
7541-YLXCL,0.421,1,Medium
4795-WRNVT,0.1762,0,Low
6080-TCMYC,0.7033,1,High
0260-ZDLGK,0.4664,1,Medium
7860-UXCRM,0.0236,0,Low
6357-JJPQT,0.8976,1,High
2292-XQWSV,0.1421,0,Low
9552-TGUZV,0.5401,1,Medium
5913-INRQV,0.1485,0,Low
8722-NGNBH,0.4231,1,Medium
6210-KBBPI,0.7727,1,High
9643-YBLUR,0.3296,0,Low
8734-FNWVH,0.195,0,Low
9447-YPTBX,0.0456,0,Low
0133-BMFZO,0.6234,1,Medium
6128-CZOMY,0.8436,1,High
9540-JYROE,0.7637,1,High
9026-LHEVG,0.4541,1,Medium
2260-USTRB,0.7532,1,High
3656-TKRVZ,0.5519,1,Medium
7011-CVEUC,0.3773,0,Low
6185-TASNN,0.7202,1,High
7925-PNRGI,0.143,0,Low
8623-TMRBY,0.6408,1,Medium
1552-CZCLL,0.1508,0,Low
3038-PQIUY,0.2074,0,Low
1501-SGHBW,0.6904,1,Medium
9313-CDOGY,0.1482,0,Low
8148-BPLZQ,0.342,0,Low
2623-DRYAM,0.395,0,Low
9987-LUTYD,0.0599,0,Low
3208-YPIOE,0.4855,1,Medium
4488-KQFDT,0.3618,0,Low
2612-RANWT,0.846,1,High
5693-PIPCS,0.1641,0,Low
0491-KAPQG,0.7417,1,High
1925-LFCZZ,0.2029,0,Low
8039-EQPIM,0.0142,0,Low
6900-PXRMS,0.6134,1,Medium
8707-RMEZH,0.2029,0,Low
3346-BRMIS,0.6775,1,Medium
3209-ZPKFI,0.1969,0,Low
6479-VDGRK,0.0057,0,Low
9373-WSLOY,0.2383,0,Low
2933-FILNV,0.7372,1,High
3569-JFODW,0.0087,0,Low
9819-FBNSV,0.5195,1,Medium
9544-PYPSJ,0.3943,0,Low
1591-XWLGB,0.004,0,Low
0396-UKGAI,0.1823,0,Low
3243-ZHOHY,0.0273,0,Low
5186-EJEGL,0.2784,0,Low
7527-QNRUS,0.0577,0,Low
9986-BONCE,0.3845,0,Low
2722-JMONI,0.6833,1,Medium
2203-GHNWN,0.5696,1,Medium
3878-AVSOQ,0.9158,1,High
3258-SYSWS,0.053,0,Low
5296-PSYVW,0.0453,0,Low
6319-QSUSR,0.2244,0,Low
4083-EUGRJ,0.3402,0,Low
7579-OOPEC,0.4847,1,Medium
0512-FLFDW,0.2317,0,Low
1771-OADNZ,0.7757,1,High
0487-CRLZF,0.0433,0,Low
2107-FBPTK,0.7426,1,High
9451-WLYRI,0.0376,0,Low
8219-VYBVI,0.0259,0,Low
1991-VOPLL,0.2439,0,Low
9738-QLWTP,0.1596,0,Low
1016-DJTSV,0.8401,1,High
9419-IPPBE,0.2871,0,Low
0174-QRVVY,0.0036,0,Low
5699-BNCAS,0.0082,0,Low
2900-PHPLN,0.0207,0,Low
0612-RTZZA,0.7485,1,High
8106-GWQOK,0.0319,0,Low
8751-EDEKA,0.2964,0,Low
6878-GGDWG,0.2029,0,Low
4039-PIMHX,0.0844,0,Low
8450-LUGUK,0.0196,0,Low
3604-WLABM,0.4407,1,Medium
0795-GMVQO,0.1904,0,Low
2259-OUUSZ,0.2138,0,Low
1142-IHLOO,0.1962,0,Low
6410-LEFEN,0.612,1,Medium
4633-MKHYU,0.7323,1,High
6257-RJOHI,0.4592,1,Medium
1545-JFUML,0.1362,0,Low
3194-ORPIK,0.5455,1,Medium
7826-VVKWT,0.2892,0,Low
1353-GHZOS,0.0975,0,Low
2587-EKXTS,0.497,1,Medium
5442-BXVND,0.1524,0,Low
8816-VXNZD,0.9236,1,High
9378-FXTIZ,0.1908,0,Low
1723-HKXJQ,0.8191,1,High
7825-GKXMW,0.6638,1,Medium
9753-OYLBX,0.5262,1,Medium
2364-UFROM,0.0959,0,Low
6656-JWRQX,0.4018,1,Medium
6473-ULUHT,0.276,0,Low
1240-KNSEZ,0.6247,1,Medium
0836-SEYLU,0.4695,1,Medium
4433-JCGCG,0.7881,1,High
3716-BDVDB,0.8803,1,High
7688-AWMDX,0.03,0,Low
2842-BCQGE,0.4799,1,Medium
7244-QWYHG,0.0507,0,Low
5899-MQZZL,0.7333,1,High
6849-OYAMU,0.3675,0,Low
5312-UXESG,0.4303,1,Medium
9488-HGMJH,0.9005,1,High
6038-GCYEC,0.5537,1,Medium
2150-WLKUW,0.0935,0,Low
7159-FVYPK,0.4053,1,Medium
7032-LMBHI,0.0585,0,Low
1150-WFARN,0.1276,0,Low
6088-BXMRG,0.6661,1,Medium
3144-AUDBS,0.6047,1,Medium
4821-SJHJV,0.3844,0,Low
7346-MEDWM,0.638,1,Medium
1137-DGOWI,0.107,0,Low
5616-PRTNT,0.3291,0,Low
3812-LRZIR,0.0841,0,Low
4818-QIUFN,0.5583,1,Medium
9483-GCPWE,0.0348,0,Low
4227-OJHAL,0.0445,0,Low
9220-CXRSC,0.031,0,Low
4993-JCRGJ,0.3784,0,Low
9537-JALFH,0.0023,0,Low
6698-OXETB,0.0301,0,Low
2103-ZRXFN,0.598,1,Medium
3724-BSCVH,0.0338,0,Low
4877-TSOFF,0.0869,0,Low
9209-NWPGU,0.0969,0,Low
6961-VCPMC,0.7103,1,High
7306-YDSOI,0.0166,0,Low
5288-AHOUP,0.6635,1,Medium
6688-UZPWD,0.8995,1,High
0655-YDGFJ,0.2742,0,Low
8468-EHYJA,0.4153,1,Medium
6823-SIDFQ,0.0167,0,Low
1097-FSPVW,0.2286,0,Low
2839-RFSQE,0.4849,1,Medium
8328-SKJNO,0.0821,0,Low
7010-ZMVBF,0.1533,0,Low
5201-CBWYG,0.0241,0,Low
0968-GSIKN,0.8513,1,High
1965-DDBWU,0.4709,1,Medium
9057-SIHCH,0.9322,1,High
6352-GIGGQ,0.1021,0,Low
3635-QQRQD,0.019,0,Low
6771-XWBDM,0.6133,1,Medium
2897-DOVND,0.8272,1,High
3082-YVEKW,0.0364,0,Low
0191-EQUUH,0.039,0,Low
7134-HBPBS,0.0884,0,Low
3489-HHPFY,0.8163,1,High
2926-JEJJC,0.0866,0,Low
8601-QACRS,0.5966,1,Medium
4950-BDEUX,0.4441,1,Medium
5789-LDFXO,0.0835,0,Low
0508-OOLTO,0.7726,1,High
2984-TBYKU,0.1003,0,Low
9822-WMWVG,0.4167,1,Medium
2391-SOORI,0.4597,1,Medium
9040-KZVWO,0.1387,0,Low
2645-QTLMB,0.8767,1,High
4806-HIPDW,0.882,1,High
1548-ARAGG,0.3393,0,Low
6339-RZCBJ,0.0235,0,Low
4424-TKOPW,0.9317,1,High
4415-WNGVR,0.209,0,Low
2522-AHJXR,0.2858,0,Low
0412-UCCNP,0.0768,0,Low
1816-FLZDK,0.51,1,Medium
7096-UCLNH,0.5235,1,Medium
8443-ZRDBZ,0.8582,1,High
9136-ALYBR,0.7344,1,High
4615-PIVVU,0.0771,0,Low
8885-QSQBX,0.3803,0,Low
7479-NITWS,0.8021,1,High
8617-ENBDS,0.5721,1,Medium
9385-NXKDA,0.0323,0,Low
0430-IHCDJ,0.5662,1,Medium
2959-MJHIC,0.8578,1,High
6674-KVJHG,0.1182,0,Low
1814-DKOLC,0.2975,0,Low
4201-JMNGR,0.6831,1,Medium
9351-HXDMR,0.1359,0,Low
3537-HPKQT,0.397,0,Low
2129-ALKBS,0.2358,0,Low
5821-MMEIL,0.0092,0,Low
5960-WPXQM,0.9164,1,High
0684-AOSIH,0.7758,1,High
8260-NGFNY,0.6222,1,Medium
1309-XGFSN,0.2105,0,Low
1866-RZZQS,0.8428,1,High
6968-URWQU,0.1389,0,Low
4742-TXUEX,0.0126,0,Low
9631-XEYKE,0.5682,1,Medium
8631-NBHFZ,0.1524,0,Low
1335-MXCSE,0.0316,0,Low
8873-TMKGR,0.0143,0,Low
8800-JOOCF,0.7134,1,High
1469-LBJQJ,0.7173,1,High
4958-XCBDQ,0.8491,1,High
8337-UPOAQ,0.9118,1,High
0064-YIJGF,0.4779,1,Medium
2386-OWURY,0.46,1,Medium
1725-IQNIY,0.2716,0,Low
0310-VQXAM,0.2694,0,Low
6598-RFFVI,0.1299,0,Low
3453-RTHJQ,0.8578,1,High
6712-OAWRH,0.7463,1,High
6278-FEPBZ,0.2523,0,Low
4280-DLSHD,0.3109,0,Low
1508-DFXCU,0.7641,1,High
8614-VGMMV,0.5882,1,Medium
7868-BGSZA,0.222,0,Low
2800-QQUSO,0.5963,1,Medium
2930-UOTMB,0.1874,0,Low
7973-DZRKH,0.0943,0,Low
5914-DVBWJ,0.6805,1,Medium
7698-YFGEZ,0.5956,1,Medium
2533-QVMSK,0.1338,0,Low
9773-PEQBZ,0.5645,1,Medium
8644-XLFBW,0.8879,1,High
0650-BWOZN,0.6928,1,Medium
8625-AZYZY,0.8139,1,High
7785-RDVIG,0.1983,0,Low
9602-WCXPI,0.0479,0,Low
2903-YYTBW,0.544,1,Medium
3620-MWJNE,0.3603,0,Low
8573-JGCZW,0.0372,0,Low
6837-HAEVO,0.2632,0,Low
6701-YVNQG,0.0101,0,Low
9306-CPCBC,0.932,1,High
4304-XUMGI,0.0655,0,Low
9504-YAZWB,0.0142,0,Low
8819-ZBYNA,0.1872,0,Low
6174-NRBTZ,0.0547,0,Low
9481-IEBZY,0.237,0,Low
1833-VGRUM,0.9394,1,High
6137-NICCO,0.7615,1,High
9065-ZCPQX,0.0087,0,Low
6402-EJMWF,0.6071,1,Medium
3620-EHIMZ,0.0169,0,Low
3213-VVOLG,0.0423,0,Low
6870-ECSHE,0.103,0,Low
8747-UDCOI,0.0083,0,Low
8374-XGEJJ,0.804,1,High
2656-TABEH,0.9232,1,High
6946-LMSQS,0.3532,0,Low
4626-OZDTJ,0.1056,0,Low
9169-BSVIN,0.3303,0,Low
2325-ZUSFD,0.0878,0,Low
8194-PEEBY,0.0196,0,Low
6872-HXFNF,0.0381,0,Low
3932-CMDTD,0.4791,1,Medium
7714-YXSMB,0.6698,1,Medium
8387-UGUSU,0.1552,0,Low
1080-BWSYE,0.016,0,Low
4039-HEUNW,0.8167,1,High
1194-HVAIF,0.4591,1,Medium
0812-WUPTB,0.808,1,High
3594-UVONA,0.1424,0,Low
0004-TLHLJ,0.8395,1,High
1767-TGTKO,0.4753,1,Medium
8439-LTUGF,0.2071,0,Low
8805-JNRAZ,0.4519,1,Medium
5089-IFSDP,0.2991,0,Low
6418-HNFED,0.0109,0,Low
0206-OYVOC,0.0261,0,Low
7291-CDTMJ,0.4154,1,Medium
7128-GGCNO,0.2861,0,Low
0237-YFUTL,0.2956,0,Low
7691-KGKGP,0.102,0,Low
6710-HSJRD,0.5125,1,Medium
3675-EQOZA,0.4031,1,Medium
0840-DCNZE,0.1304,0,Low
1732-FEKLD,0.149,0,Low
9862-KJTYK,0.2894,0,Low
0479-HMSWA,0.1892,0,Low
5854-KSRBJ,0.0043,0,Low
0365-BZUWY,0.8227,1,High
4817-VYYWS,0.7794,1,High
5701-SVCWR,0.3587,0,Low
3129-AAQOU,0.0334,0,Low
4922-CVPDX,0.1036,0,Low
1396-QWFBJ,0.5975,1,Medium
1357-BIJKI,0.4438,1,Medium
1099-BTKWT,0.1789,0,Low
5299-SJCZT,0.8847,1,High
2018-PZKMU,0.5183,1,Medium
7340-KEFQE,0.0266,0,Low
4570-QHXHL,0.6339,1,Medium
2403-BCASL,0.3824,0,Low
7392-YYPYJ,0.691,1,Medium
2898-LSJGD,0.3636,0,Low
2223-GDSHL,0.0494,0,Low
7359-PTSXY,0.7652,1,High
9470-RTWDV,0.1448,0,Low
2176-OSJUV,0.0306,0,Low
9348-YVOMK,0.5763,1,Medium
8104-OSKWT,0.6227,1,Medium
4521-YEEHE,0.7042,1,High
4090-KPJIP,0.9228,1,High
3786-WOVKF,0.1717,0,Low
4503-BDXBD,0.5984,1,Medium
6086-ESGRL,0.8199,1,High
2592-HODOV,0.0234,0,Low
3886-CERTZ,0.5605,1,Medium
7995-ZHHNZ,0.0537,0,Low
3824-RHKVR,0.2332,0,Low
5816-SCGFC,0.4301,1,Medium
5989-AXPUC,0.0837,0,Low
4979-HPRFL,0.0087,0,Low
8590-OHDIW,0.014,0,Low
8015-IHCGW,0.049,0,Low
2332-TODQS,0.0355,0,Low
9278-VZKCD,0.493,1,Medium
8008-OTEZX,0.0338,0,Low
2773-OVBPK,0.2142,0,Low
5999-LCXAO,0.4742,1,Medium
5206-XZZQI,0.2251,0,Low
4803-LBYPN,0.0903,0,Low
5759-RCVCB,0.5948,1,Medium
6372-RFVNS,0.8332,1,High
2139-FQHLM,0.3613,0,Low
8261-GWDBQ,0.1897,0,Low
1093-YSWCA,0.0306,0,Low
8938-UMKPI,0.8084,1,High
0991-BRRFB,0.4684,1,Medium
3882-IYOIJ,0.0811,0,Low
8749-TZYEC,0.0141,0,Low
1755-FZQEC,0.0233,0,Low
3115-JPJDD,0.0888,0,Low
5600-KTXFM,0.5157,1,Medium
3871-IKPYH,0.8324,1,High
6319-IEJWJ,0.7063,1,High
9025-AOMKI,0.8814,1,High
6339-TBELP,0.0712,0,Low
7964-YESJC,0.1939,0,Low
6173-GOLSU,0.563,1,Medium
5275-SQEIZ,0.8801,1,High
7716-YTYHG,0.3598,0,Low
9938-ZREHM,0.1092,0,Low
7950-XWOVN,0.3517,0,Low
4390-KYULV,0.4808,1,Medium
4647-MUZON,0.6268,1,Medium
9702-AIUJO,0.0782,0,Low
8849-PRIQJ,0.2289,0,Low
8851-RAGOV,0.1053,0,Low
1304-NECVQ,0.9179,1,High
5396-IZEPB,0.2246,0,Low
1729-VLAZJ,0.0794,0,Low
8285-ABVLB,0.0411,0,Low
0701-TJSEF,0.2438,0,Low
5712-VBOXD,0.3463,0,Low
6629-LADHQ,0.3909,0,Low
8945-GRKHX,0.7891,1,High
1559-DTODC,0.361,0,Low
4797-MIWUM,0.177,0,Low
6959-UWKHF,0.8041,1,High
8720-RQSBJ,0.6243,1,Medium
4537-CIBHB,0.0538,0,Low
3815-SLMEF,0.4597,1,Medium
5154-VEKBL,0.3776,0,Low
4324-AHJKS,0.3254,0,Low
4355-CVPVS,0.1968,0,Low
4495-LHSSK,0.1656,0,Low
5655-JSMZM,0.8376,1,High
5915-ANOEI,0.013,0,Low
9861-PDSZP,0.0585,0,Low
4505-EXZHB,0.7181,1,High
7225-CBZPL,0.8485,1,High
6704-UTUKK,0.5656,1,Medium
4587-VVTOX,0.9016,1,High
2019-HDCZY,0.3102,0,Low
4652-NNHNY,0.6112,1,Medium
8788-DOXSU,0.1429,0,Low
7404-JLKQG,0.6927,1,Medium
7421-ZLUPA,0.4816,1,Medium
8972-HJWNV,0.9273,1,High
3274-NSDWE,0.0095,0,Low
2632-IVXVF,0.0541,0,Low
3692-JHONH,0.4035,1,Medium
8915-NNTRC,0.0436,0,Low
5914-GXMDA,0.0163,0,Low
7463-IFMQU,0.006,0,Low
2920-RNCEZ,0.6249,1,Medium
2541-YGPKE,0.1692,0,Low
8515-OCTJS,0.13,0,Low
5382-TEMLV,0.2045,0,Low
3441-CGZJH,0.0856,0,Low
9592-ERDKV,0.0805,0,Low
2860-RANUS,0.6175,1,Medium
5261-QSHQM,0.7832,1,High
4778-IZARL,0.1155,0,Low
0432-CAJZV,0.7268,1,High
7008-LZVOZ,0.0168,0,Low
8868-WOZGU,0.8192,1,High
1200-TUZHR,0.7066,1,High
9365-CSLBQ,0.0189,0,Low
1334-FJSVR,0.8184,1,High
5884-FBCTL,0.0031,0,Low
7130-CTCUS,0.2884,0,Low
6242-FEGFD,0.0667,0,Low
7625-XCQRH,0.8877,1,High
6194-HBGQN,0.1352,0,Low
7634-WSWDB,0.4463,1,Medium
6986-IXNDM,0.757,1,High
1731-TVIUK,0.7237,1,High
2987-BJXIK,0.0236,0,Low
9769-TSBZE,0.0452,0,Low
0406-BPDVR,0.4911,1,Medium
0618-XWMSS,0.4443,1,Medium
1395-WSWXR,0.0296,0,Low
6023-GSSXW,0.0571,0,Low
6752-APNJL,0.1472,0,Low
5276-KQWHG,0.9042,1,High
0420-HLGXF,0.8286,1,High
7446-KQISO,0.1261,0,Low
9823-EALYC,0.0377,0,Low
0582-AVCLN,0.0136,0,Low
5803-NQJZO,0.0109,0,Low
2565-JSLRY,0.5832,1,Medium
2607-DHDAK,0.0043,0,Low
1073-XXCZD,0.0107,0,Low
0743-HRVFF,0.1377,0,Low
4006-HKYHO,0.0237,0,Low
3727-JEZTU,0.5322,1,Medium
8143-ETQTI,0.0329,0,Low
6689-KXGBO,0.6349,1,Medium
9667-TKTVZ,0.5023,1,Medium
3657-COGMW,0.2582,0,Low
8570-KLJYJ,0.0547,0,Low
7754-IXRMC,0.6534,1,Medium
9473-CBZOP,0.0708,0,Low
2969-WGHQO,0.2228,0,Low
6615-NGGZJ,0.8821,1,High
4334-HOWRP,0.0155,0,Low
4255-DDUOU,0.6267,1,Medium
5863-OOKCL,0.2374,0,Low
1686-STUHN,0.0371,0,Low
1329-VHWNP,0.4518,1,Medium
2984-MIIZL,0.7992,1,High
0266-GMEAO,0.025,0,Low
5590-YRFJT,0.6273,1,Medium
5574-NXZIU,0.2544,0,Low
0019-GFNTW,0.0388,0,Low
4256-ZWTZI,0.3516,0,Low
8309-PPCED,0.0334,0,Low
4098-NAUKP,0.4841,1,Medium
5196-WPYOW,0.0405,0,Low
4608-LCIMN,0.3096,0,Low
1485-YDHMM,0.2171,0,Low
4054-CUMIA,0.1502,0,Low
0603-TPMIB,0.0103,0,Low
2525-GVKQU,0.0175,0,Low
8161-QYMTT,0.9308,1,High
9581-GVBXT,0.0543,0,Low
5862-BRIXZ,0.0314,0,Low
5404-GGUKR,0.6091,1,Medium
3308-JSGML,0.0287,0,Low
2126-GSEGL,0.0232,0,Low
3677-TNKIO,0.6213,1,Medium
0440-QEXBZ,0.2992,0,Low
2434-EEVDB,0.0545,0,Low
6762-QVYJO,0.0443,0,Low
6199-IWKGC,0.2822,0,Low
2675-DHUTR,0.745,1,High
8152-VETUR,0.1327,0,Low
9667-EQRXU,0.5925,1,Medium
7446-YPODE,0.2209,0,Low
9522-BNTHX,0.5245,1,Medium
4676-WLUHT,0.0348,0,Low
3329-WDIOK,0.6517,1,Medium
7980-MHFLQ,0.0047,0,Low
2873-ZLIWT,0.5844,1,Medium
3415-TAILE,0.5625,1,Medium
0757-WCUUZ,0.0254,0,Low
1629-DQQVB,0.3148,0,Low
1915-IOFGU,0.8545,1,High
3045-XETSH,0.9106,1,High
0374-AACSZ,0.4988,1,Medium
7239-HZZCX,0.5362,1,Medium
4872-VXRIL,0.044,0,Low
9140-CZQZZ,0.0136,0,Low
3423-HHXAO,0.0464,0,Low
9938-TKDGL,0.1719,0,Low
0531-ZZJWQ,0.7237,1,High
6537-QLGEX,0.5187,1,Medium
2688-BHGOG,0.8088,1,High
7683-CBDKJ,0.4432,1,Medium
0946-CLJTI,0.8133,1,High
3160-TYXLT,0.2474,0,Low
1325-USMEC,0.0871,0,Low
0916-QOFDP,0.6973,1,Medium
0628-CNQRM,0.0973,0,Low
5606-AMZBO,0.6376,1,Medium
6199-IPCAO,0.0444,0,Low
7665-TOALD,0.9098,1,High
0112-QWPNC,0.3423,0,Low
0324-BRPCJ,0.7619,1,High
2777-PHDEI,0.8784,1,High
5640-CAXOA,0.139,0,Low
2235-EZAIK,0.0571,0,Low
3847-BAERP,0.2366,0,Low
1196-AMORA,0.7507,1,High
4282-YMKNA,0.8934,1,High
1453-RZFON,0.3753,0,Low
8263-OKETD,0.2569,0,Low
0670-KDOMA,0.5064,1,Medium
2476-YGEFM,0.4939,1,Medium
8687-BAFGU,0.5418,1,Medium
0641-EVBOJ,0.4417,1,Medium
0829-XXPLX,0.4377,1,Medium
9974-JFBHQ,0.2169,0,Low
5356-RHIPP,0.613,1,Medium
6624-JDRDS,0.3389,0,Low
0608-JDVEC,0.051,0,Low
9780-FKVVF,0.3323,0,Low
1919-RTPQD,0.4285,1,Medium
5214-NLTIT,0.0841,0,Low
3345-PBBFH,0.341,0,Low
5055-BRMNE,0.1266,0,Low
9189-JWSHV,0.8334,1,High
2190-PHBHR,0.0716,0,Low
2650-GYRYL,0.0246,0,Low
0746-JTRFU,0.8685,1,High
5208-FVQKB,0.0393,0,Low
7184-LRUUR,0.0946,0,Low
6627-CFOSN,0.306,0,Low
3982-JGSFD,0.0204,0,Low
1574-DYCWE,0.0069,0,Low
7247-XOZPB,0.0494,0,Low
2466-FCCPT,0.0846,0,Low
6211-WWLTF,0.0692,0,Low
4826-TZEVA,0.3977,0,Low
6016-NXBNJ,0.0336,0,Low
9138-EFSMO,0.2169,0,Low
0576-WNXXC,0.7676,1,High
4632-XJMEX,0.037,0,Low
8910-LEDAG,0.3534,0,Low
3452-GWUIN,0.813,1,High
2716-GFZOR,0.2494,0,Low
3724-UCSHY,0.1839,0,Low
8626-XHBIE,0.0118,0,Low
4628-CTTLA,0.5875,1,Medium
3192-LNKRK,0.4607,1,Medium
4439-YRNVD,0.2632,0,Low
2876-VBBBL,0.5798,1,Medium
6834-NXDCA,0.6132,1,Medium
2208-UGTGR,0.4501,1,Medium
3005-TYFRD,0.5549,1,Medium
8670-MEFCP,0.0378,0,Low
3079-BCHLN,0.0477,0,Low
7777-UNYHB,0.2174,0,Low
5597-GLBUC,0.879,1,High
7278-CKDNC,0.7815,1,High
2748-MYRVK,0.288,0,Low
8450-UYIBU,0.5375,1,Medium
2969-VAPYH,0.0629,0,Low
4822-YCXMX,0.8325,1,High
7181-OQCUT,0.4867,1,Medium
8474-UMLNT,0.1692,0,Low
9821-POOTN,0.7528,1,High
3836-FZSDJ,0.0128,0,Low
9142-XMYJH,0.187,0,Low
6559-ILWKJ,0.3726,0,Low
0187-QSXOE,0.8352,1,High
7733-UDMTP,0.5329,1,Medium
2649-HWLYB,0.0302,0,Low
5214-CHIWJ,0.0321,0,Low
4229-CZMLL,0.9247,1,High
6904-JLBGY,0.0838,0,Low
2465-BLLEU,0.4331,1,Medium
1685-VAYJF,0.3826,0,Low
8874-EJNSR,0.0068,0,Low
6917-YACBP,0.2646,0,Low
5049-MUBWG,0.1578,0,Low
4223-WOZCM,0.5812,1,Medium
0769-MURVM,0.0095,0,Low
9253-VIFJQ,0.0469,0,Low
7030-FZTFM,0.0406,0,Low
9741-YLNTD,0.763,1,High
5917-RYRMG,0.0232,0,Low
5120-ZBLAI,0.0816,0,Low
1194-BHJYC,0.0276,0,Low
3663-MITLP,0.8155,1,High
0906-QVPMS,0.0529,0,Low
9025-ZRPVR,0.2575,0,Low
1905-OEILC,0.4069,1,Medium
7858-GTZSP,0.8768,1,High
3285-UCQVC,0.3978,0,Low
6248-BSHKG,0.0275,0,Low
4685-TFLLS,0.0414,0,Low
3470-BTGQO,0.2443,0,Low
1209-VFFOC,0.0184,0,Low
8224-DWCKX,0.5875,1,Medium
5482-PLVPE,0.7461,1,High
4553-DVPZG,0.7739,1,High
4902-OHLSK,0.5818,1,Medium
6917-IAYHD,0.3767,0,Low
0495-ZBNGW,0.847,1,High
8620-RJPZN,0.5009,1,Medium
7572-KPVKK,0.3024,0,Low
2642-MAWLJ,0.0128,0,Low
2357-COQEK,0.7564,1,High
7103-ZGVNT,0.0622,0,Low
3737-GCSPV,0.7227,1,High
2027-WKXMW,0.4929,1,Medium
7137-NAXML,0.0379,0,Low
2428-ZMCTB,0.2523,0,Low
2961-VNFKL,0.0127,0,Low
1768-HNVGJ,0.2517,0,Low
6963-KQYQB,0.0058,0,Low
5934-RMPOV,0.7319,1,High
1207-BLKSA,0.01,0,Low
4088-YLDSU,0.6128,1,Medium
8316-BBQAY,0.0269,0,Low
1166-PQLGG,0.0047,0,Low
3146-JTQHR,0.0699,0,Low
4291-YZODP,0.0431,0,Low
4395-PZMSN,0.8744,1,High
6427-FEFIG,0.0761,0,Low
0017-IUDMW,0.0143,0,Low
8706-HRADD,0.2496,0,Low
9955-QOPOY,0.1279,0,Low
4385-ZKVNW,0.1372,0,Low
5446-DKWYW,0.195,0,Low
2034-CGRHZ,0.6939,1,Medium
5797-APWZC,0.9029,1,High
3683-QKIUE,0.528,1,Medium
4228-ZGYUW,0.9145,1,High
9031-ZVQPT,0.1266,0,Low
2990-IAJSV,0.0088,0,Low
8107-KNCIM,0.8587,1,High
9027-YFHQJ,0.2884,0,Low
5176-LDKUH,0.1736,0,Low
4644-OBGFZ,0.0223,0,Low
7926-IJOOU,0.3311,0,Low
6480-YAGIY,0.202,0,Low
4029-HPFVY,0.7841,1,High
7602-DBTOU,0.0199,0,Low
5345-BMKWB,0.2613,0,Low
3519-ZKXGG,0.9,1,High
5457-COLHT,0.02,0,Low
6416-TVAIH,0.8394,1,High
5451-YHYPW,0.0139,0,Low
5108-ADXWO,0.7033,1,High
7998-WNZEM,0.0287,0,Low
3066-RRJIO,0.8769,1,High
4664-NJCMS,0.0225,0,Low
0307-BCOPK,0.0317,0,Low
7629-WFGLW,0.1657,0,Low
2542-HYGIQ,0.3589,0,Low
6715-OFDBP,0.7015,1,High
5016-LIPDW,0.0225,0,Low
6481-LXPWL,0.1188,0,Low
1567-DSCIC,0.8187,1,High
2150-UWTFY,0.4084,1,Medium
6124-ACRHJ,0.407,1,Medium
9362-MWODR,0.1639,0,Low
9975-GPKZU,0.0041,0,Low
9625-RZFUK,0.0129,0,Low
5153-LXKDT,0.1038,0,Low
5161-UBZXI,0.0636,0,Low
1020-JPQOW,0.2496,0,Low
7919-ZODZZ,0.272,0,Low
0565-JUPYD,0.1435,0,Low
6867-ACCZI,0.0292,0,Low
5939-XAIXZ,0.3594,0,Low
9054-FOWNV,0.7452,1,High
2683-BPJSO,0.6064,1,Medium
2157-MXBJS,0.4577,1,Medium
8207-VVMYB,0.0165,0,Low
9732-EQMWY,0.4139,1,Medium
9360-AHGNL,0.5029,1,Medium
1087-UDSIH,0.3493,0,Low
5269-NRGDP,0.1126,0,Low
6195-MELTI,0.0817,0,Low
5485-WUYWF,0.4695,1,Medium
2121-JAFOM,0.0314,0,Low
8818-DOPVL,0.7927,1,High
2632-UCGVD,0.4883,1,Medium
5445-PZWGX,0.2084,0,Low
1227-UDMZR,0.0046,0,Low
5198-HQAEN,0.2427,0,Low
9170-CCKOU,0.4807,1,Medium
2167-FQSTQ,0.0544,0,Low
2819-GWENI,0.0275,0,Low
1043-YCUTE,0.1994,0,Low
3814-MLAXC,0.4493,1,Medium
3572-UUHRS,0.0225,0,Low
2692-PFYTJ,0.4857,1,Medium
1226-UDFZR,0.7333,1,High
5955-EPOAZ,0.2928,0,Low
6821-JPCDC,0.3865,0,Low
8815-LMFLX,0.1552,0,Low
9135-HSWOC,0.0043,0,Low
8582-KRHPJ,0.2128,0,Low
5811-IWXYM,0.1899,0,Low
7044-YAACC,0.791,1,High
8189-XRIKE,0.5035,1,Medium
1506-YJTYT,0.0301,0,Low
4123-DVHPH,0.5191,1,Medium
6425-YQLLO,0.4023,1,Medium
5442-UTCVD,0.8034,1,High
2228-BZDEE,0.0257,0,Low
7734-DBOAI,0.5479,1,Medium
2789-CZANW,0.1012,0,Low
2091-RFFBA,0.7732,1,High
2114-MGINA,0.7637,1,High
7596-LDUXP,0.2268,0,Low
3740-RLMVT,0.0381,0,Low
4489-SNOJF,0.2134,0,Low
2192-OZITF,0.0244,0,Low
5651-CPDND,0.3798,0,Low
2186-QZEYA,0.2627,0,Low
1131-ALZWV,0.058,0,Low
7729-XBTWX,0.0229,0,Low
9134-WYRVP,0.1094,0,Low
3284-SVCRO,0.0298,0,Low
9732-OUYRN,0.0245,0,Low
0559-CKHUS,0.0223,0,Low
2931-SVLTV,0.2606,0,Low
6899-PPEEA,0.7346,1,High
7504-UWHNB,0.5067,1,Medium
2582-FFFZR,0.5803,1,Medium
8908-NMQTX,0.0061,0,Low
2187-LZGPL,0.5588,1,Medium
1431-AIDJQ,0.0378,0,Low
6288-LBEAR,0.3318,0,Low
4597-NUCQV,0.8451,1,High
9019-QVLZD,0.8733,1,High
8413-YNHNV,0.0067,0,Low
5808-TOTXO,0.1324,0,Low
4369-NYSCF,0.179,0,Low
6333-YDVLT,0.2609,0,Low
5324-KTGCG,0.0491,0,Low
5599-HVLTW,0.6577,1,Medium
7394-LWLYN,0.8855,1,High
3707-LRWZD,0.3521,0,Low
6873-UDNLD,0.2284,0,Low
2700-LUEVA,0.4621,1,Medium
1455-ESIQH,0.9194,1,High
0958-YHXGP,0.7178,1,High
1101-SSWAG,0.5551,1,Medium
2979-SXESE,0.6511,1,Medium
4013-TLDHQ,0.6816,1,Medium
5743-KHMNA,0.0053,0,Low
4194-FJARJ,0.0178,0,Low
5325-UWTWJ,0.2573,0,Low
3969-GYXEL,0.3115,0,Low
9208-OLGAQ,0.5425,1,Medium
3244-CQPHU,0.0418,0,Low
2674-MLXMN,0.4905,1,Medium
9708-HPXWZ,0.354,0,Low
6992-TKNYO,0.1059,0,Low
4468-YDOVK,0.4136,1,Medium
3754-DXMRT,0.8632,1,High
5792-JALQC,0.0318,0,Low
7130-VTEWQ,0.8836,1,High
2200-DSAAL,0.1593,0,Low
4302-ZYFEL,0.0382,0,Low
9351-LZYGF,0.1158,0,Low
4366-CTOUZ,0.1272,0,Low
6121-VZNQB,0.6164,1,Medium
7903-CMPEY,0.6943,1,Medium
1518-OMDIK,0.2259,0,Low
6671-NGWON,0.2154,0,Low
0595-ITUDF,0.2708,0,Low
6996-KNSML,0.9212,1,High
1955-IBMMB,0.007,0,Low
0096-BXERS,0.5402,1,Medium
3806-YAZOV,0.2643,0,Low
7998-ZLXWN,0.1718,0,Low
6253-WRFHY,0.293,0,Low
9133-AYJZG,0.645,1,Medium
2675-OTVVJ,0.4458,1,Medium
8680-CGLTP,0.1051,0,Low
8430-TWCBX,0.0324,0,Low
5018-GWURO,0.4726,1,Medium
6741-QRLUP,0.0211,0,Low
4737-HOBAX,0.0421,0,Low
0537-QYZZN,0.5069,1,Medium
3340-QBBFM,0.0547,0,Low
1704-NRWYE,0.8254,1,High
2592-SEIFQ,0.7094,1,High
8200-KLNYW,0.0833,0,Low
3372-CDXFJ,0.0522,0,Low
4781-ZXYGU,0.4543,1,Medium
7632-YUTXB,0.0189,0,Low
2718-YSKCS,0.0173,0,Low
9896-UYMIE,0.2372,0,Low
0853-NWIFK,0.304,0,Low
8212-CRQXP,0.5085,1,Medium
6980-CDGFC,0.0401,0,Low
7691-XVTZH,0.0902,0,Low
2520-SGTTA,0.0338,0,Low
7481-ATQQS,0.5501,1,Medium
2277-VWCNI,0.5324,1,Medium
1088-CNNKB,0.0784,0,Low
8642-GVWRF,0.7086,1,High
1930-BZLHI,0.024,0,Low
3400-ESFUW,0.0233,0,Low
5868-YTYKS,0.4947,1,Medium
3525-DVKFN,0.0116,0,Low
1482-OXZSY,0.4511,1,Medium
0377-JBKKT,0.1704,0,Low
5778-BVOFB,0.3924,0,Low
3373-YZZYM,0.3129,0,Low
2057-ZBLPD,0.8111,1,High
0228-MAUWC,0.2678,0,Low
5502-RLUYV,0.6897,1,Medium
0023-HGHWL,0.8839,1,High
7663-YJHSN,0.087,0,Low
4915-BFSXL,0.0515,0,Low
3086-RUCRN,0.2106,0,Low
5215-LNLDJ,0.4934,1,Medium
7576-JMYWV,0.2893,0,Low
9039-RBEEE,0.1588,0,Low
0257-KXZGU,0.2111,0,Low
1307-ATKGB,0.6627,1,Medium
8417-FMLZI,0.6783,1,Medium
3714-XPXBW,0.1393,0,Low
1850-AKQEP,0.1661,0,Low
2824-DXNKN,0.0469,0,Low
5227-JSCFE,0.0315,0,Low
0848-ZGQIJ,0.5941,1,Medium
3621-CHYVB,0.144,0,Low
8042-RNLKO,0.0398,0,Low
1792-UXAFY,0.7427,1,High
5372-FBKBN,0.1452,0,Low
0420-TXVSG,0.0143,0,Low
6217-TOWGS,0.2921,0,Low
0515-YPMCW,0.8464,1,High
0378-XSZPU,0.2207,0,Low
1045-LTCYT,0.1628,0,Low
1544-JJMYL,0.0665,0,Low
4636-JGAAI,0.3639,0,Low
6874-SGLHU,0.3365,0,Low
5951-AOFIH,0.3251,0,Low
4729-XKASR,0.6269,1,Medium
3059-NGMXB,0.2424,0,Low
8652-YHIYU,0.2085,0,Low
5278-PNYOX,0.0581,0,Low
5449-FIBXJ,0.598,1,Medium
3486-HOOGQ,0.0151,0,Low
5061-PBXFW,0.1145,0,Low
8630-FJLIB,0.599,1,Medium
3891-NLXJB,0.0229,0,Low
4749-OJKQU,0.7782,1,High
0577-WHMEV,0.3746,0,Low
5453-AXEPF,0.5393,1,Medium
3639-XJHKQ,0.3512,0,Low
3716-LRGXK,0.133,0,Low
2263-SFSQZ,0.0177,0,Low
9950-MTGYX,0.0205,0,Low
3397-AVTKU,0.1335,0,Low
4825-FUREZ,0.0603,0,Low
9837-BMCLM,0.882,1,High
2672-OJQZP,0.677,1,Medium
0137-UDEUO,0.4873,1,Medium
3134-DSHVC,0.0779,0,Low
6161-UUUTA,0.8917,1,High
7821-DPRQE,0.2443,0,Low
6543-XRMYR,0.8176,1,High
2001-EWBQU,0.2065,0,Low
4925-LMHOK,0.4427,1,Medium
1608-GMEWB,0.5722,1,Medium
6695-AMZUF,0.0094,0,Low
1455-UGQVH,0.9154,1,High
8410-BGQXN,0.2872,0,Low
8280-MQRQN,0.7258,1,High
1619-YWUBB,0.0141,0,Low
7611-YKYTC,0.2505,0,Low
2037-SGXHH,0.6952,1,Medium
3178-FESZO,0.8682,1,High
0365-GXEZS,0.4101,1,Medium
0082-OQIQY,0.6365,1,Medium
6087-MVHJH,0.8315,1,High
4603-JANFB,0.8971,1,High
3018-TFTSU,0.4109,1,Medium
3606-SBKRY,0.2715,0,Low
4806-KEXQR,0.8699,1,High
0667-NSRGI,0.1019,0,Low
7083-YNSKY,0.4254,1,Medium
6893-ODYYE,0.1005,0,Low
8242-JSVBO,0.4318,1,Medium
2479-BRAMR,0.4274,1,Medium
9541-ZPSEA,0.0422,0,Low
2665-NPTGL,0.6885,1,Medium
1139-WUOAH,0.0612,0,Low
4693-VWVBO,0.4441,1,Medium
7434-SHXLS,0.5156,1,Medium
6937-GCDGQ,0.1124,0,Low
0988-JRWWP,0.8171,1,High
5075-JSDKI,0.0471,0,Low
7908-QCBCA,0.8577,1,High
8644-XYTSV,0.257,0,Low
6711-FLDFB,0.8407,1,High
3873-WOSBC,0.0058,0,Low
7465-ZZRVX,0.9105,1,High
7975-JMZNT,0.011,0,Low
7251-XFOIL,0.3459,0,Low
4116-IQRFR,0.0973,0,Low
3714-JTVOV,0.4333,1,Medium
8259-DZLIZ,0.0752,0,Low
0442-ZXKVS,0.2627,0,Low
7853-WNZSY,0.4582,1,Medium
3120-FAZKD,0.0093,0,Low
8606-OEGQZ,0.0342,0,Low
0225-ZORZP,0.5846,1,Medium
4702-IOQDC,0.8951,1,High
9489-JMTTN,0.0057,0,Low
0575-CUQOV,0.3082,0,Low
0967-BMLBD,0.0766,0,Low
6178-KFNHS,0.6597,1,Medium
2830-LEWOA,0.1517,0,Low
5006-MXVRN,0.0263,0,Low
1264-BYWMS,0.8174,1,High
9658-WYUFB,0.7192,1,High
8327-WKMIE,0.0137,0,Low
6917-FIJHC,0.0135,0,Low
5329-KRDTM,0.0282,0,Low
7797-EJMDP,0.2338,0,Low
3530-VWVGU,0.128,0,Low
2013-SGDXK,0.7707,1,High
6368-NWMCE,0.2071,0,Low
3633-CDBUW,0.1646,0,Low
0707-HOVVN,0.035,0,Low
8580-QVLOC,0.0145,0,Low
3956-MGXOG,0.6046,1,Medium
9274-UARKJ,0.5316,1,Medium
4077-HWUYD,0.011,0,Low
2012-NWRPA,0.8958,1,High
8808-ELEHO,0.8919,1,High
0103-CSITQ,0.2084,0,Low
3506-LCJDC,0.5735,1,Medium
8671-KKKOS,0.3467,0,Low
7305-ZWMAJ,0.0145,0,Low
9518-XXBXE,0.4704,1,Medium
3934-HXCFZ,0.6772,1,Medium
6578-KRMAW,0.3418,0,Low
4860-IJUDE,0.4174,1,Medium
7666-WKRON,0.2271,0,Low
9688-YGXVR,0.4575,1,Medium
0423-UDIJQ,0.3622,0,Low
1945-XISKS,0.0024,0,Low
4910-AQFFX,0.7371,1,High
2154-KVJFF,0.8729,1,High
5360-LJCNJ,0.2795,0,Low
2607-FBDFF,0.4733,1,Medium
9647-ERGBE,0.8005,1,High
3428-XZMAZ,0.9246,1,High
1100-DDVRV,0.4398,1,Medium
0378-TOVMS,0.6863,1,Medium
4355-HBJHH,0.3382,0,Low
6728-WYQBC,0.5178,1,Medium
9058-CBREO,0.7319,1,High
9029-FEGVJ,0.4336,1,Medium
7216-KAOID,0.0128,0,Low
0318-QUUOB,0.8941,1,High
6145-NNPNO,0.4121,1,Medium
5520-FVEWJ,0.8168,1,High
5339-TJFEK,0.2733,0,Low
5572-ZDXHY,0.6038,1,Medium
2074-GUHPQ,0.3035,0,Low
4625-XMOYM,0.0213,0,Low
5827-MWCZK,0.2335,0,Low
1385-TQOZW,0.3133,0,Low
5914-XRFQB,0.0779,0,Low
4329-YPDDQ,0.462,1,Medium
4804-NCPET,0.0633,0,Low
3750-CKVKH,0.884,1,High
5944-UGLLK,0.1598,0,Low
8063-GBATB,0.8262,1,High
7787-BNTZM,0.3157,0,Low
2252-ISRNH,0.4565,1,Medium
9415-TPKRV,0.3399,0,Low
5322-TEUJK,0.0227,0,Low
4547-KQRTM,0.7637,1,High
4877-EVATK,0.4823,1,Medium
1866-DIOQZ,0.0921,0,Low
8375-KVTHK,0.3111,0,Low
2697-NQBPF,0.5464,1,Medium
3709-OIJEA,0.195,0,Low
7639-SUPCW,0.4443,1,Medium
1386-ZIKUV,0.2646,0,Low
0599-XNYDO,0.5217,1,Medium
6377-WHAOX,0.7515,1,High
6855-VLGOS,0.019,0,Low
8999-XXGNS,0.2168,0,Low
8746-OQQRW,0.3396,0,Low
3181-MIZBN,0.1827,0,Low
0471-ARVMX,0.3705,0,Low
7766-CLTIC,0.3889,0,Low
5650-YLIBA,0.7396,1,High
0825-CPPQH,0.0062,0,Low
9084-OAYKL,0.0187,0,Low
6122-LJADA,0.0102,0,Low
2400-XIWIO,0.0253,0,Low
7524-VRLPL,0.0529,0,Low
1069-XAIEM,0.8915,1,High
7569-NMZYQ,0.0405,0,Low
5201-USSQZ,0.3334,0,Low
2105-PHWON,0.3955,0,Low
1494-EJZDW,0.0289,0,Low
4884-TVUQF,0.1126,0,Low
8003-EWNDZ,0.3186,0,Low
1897-RCFUM,0.0598,0,Low
9256-JTBNZ,0.2798,0,Low
4658-HCOHW,0.567,1,Medium
2211-RMNHO,0.0152,0,Low
2432-TFSMK,0.2529,0,Low
3440-JPSCL,0.7902,1,High
4929-ROART,0.208,0,Low
1834-ABKHQ,0.0624,0,Low
1741-WTPON,0.1607,0,Low
3932-IJWDZ,0.4159,1,Medium
1240-HCBOH,0.0273,0,Low
3594-KADLU,0.3649,0,Low
8065-BVEPF,0.4595,1,Medium
3796-ENZGF,0.0337,0,Low
1734-ZMNTZ,0.0193,0,Low
2853-CWQFQ,0.4405,1,Medium
0813-TAXXS,0.1393,0,Low
2519-TWKFS,0.1417,0,Low
2889-FPWRM,0.4097,1,Medium
0626-QXNGV,0.0178,0,Low
6723-CEGQI,0.0323,0,Low
6987-XQSJT,0.7286,1,High
4732-RRJZC,0.1659,0,Low
9499-XPZXM,0.0151,0,Low
4338-EYCER,0.2216,0,Low
3007-FDPEA,0.3456,0,Low
6350-XFYGW,0.8187,1,High
4290-BSXUX,0.737,1,High
8513-OLYGY,0.0813,0,Low
0311-QYWSS,0.5217,1,Medium
8705-DWKTI,0.4142,1,Medium
8755-IWJHN,0.4231,1,Medium
0325-XBFAC,0.8993,1,High
4480-QQRHC,0.7041,1,High
0929-PECLO,0.334,0,Low
3680-CTHUH,0.3389,0,Low
1202-KKGFU,0.2286,0,Low
6112-KTHFQ,0.2303,0,Low
1852-XEMDW,0.1942,0,Low
2462-XIIJB,0.8628,1,High
4760-XOHVN,0.5948,1,Medium
1820-DJFPH,0.0086,0,Low
9426-SXNHE,0.3402,0,Low
9068-FHQHD,0.0104,0,Low
1269-FOYWN,0.0214,0,Low
9470-YFUYI,0.0471,0,Low
7817-BOQPW,0.9229,1,High
7402-EYFXX,0.8396,1,High
1853-UDXBW,0.8474,1,High
9895-VFOXH,0.5596,1,Medium
5458-CQJTA,0.2263,0,Low
1230-QAJDW,0.3437,0,Low
5701-ZIKJE,0.3364,0,Low
5219-YIPTK,0.8114,1,High
5032-MIYKT,0.8574,1,High
7396-VJUZB,0.4166,1,Medium
9717-QEBGU,0.7447,1,High
5172-RKOCB,0.0738,0,Low
6509-TSGWN,0.1476,0,Low
3540-RZJYU,0.5218,1,Medium
3178-CIFOT,0.033,0,Low
2091-MJTFX,0.2519,0,Low
4530-NDRKU,0.0493,0,Low
5985-TBABQ,0.0842,0,Low
9800-ONTFE,0.5045,1,Medium
6743-HHQPF,0.2684,0,Low
8455-HIRAQ,0.3978,0,Low
6616-AALSR,0.0785,0,Low
0883-EIBTI,0.585,1,Medium
9415-ZNBSX,0.0171,0,Low
4018-KJYUY,0.1328,0,Low
0722-TROQR,0.8508,1,High
7571-YXDAD,0.7458,1,High
3884-UEBXB,0.0234,0,Low
8780-RSYYU,0.2187,0,Low
5537-UXXVS,0.2485,0,Low
1791-PQHBB,0.4187,1,Medium
8701-DGLVH,0.0117,0,Low
8741-LQOBK,0.2694,0,Low
3393-FMZPV,0.8461,1,High
8082-GHXOP,0.2584,0,Low
6402-ZFPPI,0.6613,1,Medium
0980-FEXWF,0.0977,0,Low
7486-KSRVI,0.59,1,Medium
3011-WQKSZ,0.2971,0,Low
8443-WVPSS,0.7301,1,High
3006-XIMLN,0.8375,1,High
8218-FFJDS,0.0243,0,Low
1986-PHGZF,0.2739,0,Low
9965-YOKZB,0.9117,1,High
0504-HHAPI,0.5039,1,Medium
9360-OMDZZ,0.8282,1,High
6305-YLBMM,0.3841,0,Low
0345-XMMUG,0.1183,0,Low
8024-XNAFQ,0.0329,0,Low
3647-GMGDH,0.6104,1,Medium
2988-GBIVW,0.2672,0,Low
2832-SCUCO,0.4052,1,Medium
7036-ZZKBD,0.18,0,Low
3791-LGQCY,0.682,1,Medium
0265-PSUAE,0.4798,1,Medium
0463-TXOAK,0.0182,0,Low
0594-UFTUL,0.1709,0,Low
9509-MPYOD,0.0124,0,Low
9128-CPXKI,0.2201,0,Low
0129-KPTWJ,0.5889,1,Medium
8166-ZZTFS,0.2342,0,Low
5855-EIBDE,0.0784,0,Low
5365-LLFYV,0.7266,1,High
5956-YHHRX,0.8264,1,High
6008-NAIXK,0.3012,0,Low
2956-GGUCQ,0.6586,1,Medium
1928-BXYIV,0.4312,1,Medium
5760-FXFVO,0.6225,1,Medium
6595-COKXZ,0.7501,1,High
0961-ZWLVI,0.2513,0,Low
5181-OABFK,0.0317,0,Low
4007-NHVHI,0.2924,0,Low
7816-VGHTO,0.1486,0,Low
5871-DGTXZ,0.0272,0,Low
7550-WIQVA,0.2696,0,Low
7544-ZVIKX,0.1858,0,Low
0016-QLJIS,0.0063,0,Low
7508-DQAKK,0.0551,0,Low
5176-OLSKT,0.0106,0,Low
9356-AXGMP,0.4109,1,Medium
3556-BVQGL,0.0382,0,Low
0362-ZBZWJ,0.815,1,High
8979-CAMGB,0.4405,1,Medium
4211-MMAZN,0.5976,1,Medium
7581-EBBOU,0.1116,0,Low
4274-OWWYO,0.9007,1,High
5073-RZGBK,0.0583,0,Low
1541-ETJZO,0.4549,1,Medium
2192-CKRLV,0.1516,0,Low
3154-HMWUU,0.0072,0,Low
6119-SPUDB,0.0198,0,Low
6522-OIQSX,0.0481,0,Low
7813-ZGGAW,0.3664,0,Low
8748-HFWBO,0.0261,0,Low
1052-QJIBV,0.0031,0,Low
1319-YLZJG,0.582,1,Medium
4106-HADHQ,0.292,0,Low
0723-FDLAY,0.1507,0,Low
3050-RLLXC,0.0434,0,Low
9298-WGMRW,0.0302,0,Low
2369-UAPKZ,0.7326,1,High
3088-LHEFH,0.5621,1,Medium
2778-OCLGR,0.3521,0,Low
6583-KQJLK,0.7483,1,High
8544-JNBOX,0.0089,0,Low
6681-ZSEXG,0.0369,0,Low
6139-ZZRBQ,0.0501,0,Low
6116-RFVHN,0.8083,1,High
0637-KVDLV,0.9112,1,High
8884-FEEWR,0.017,0,Low
3125-RAHBV,0.0151,0,Low
6633-MPWBS,0.6215,1,Medium
0373-AIVNJ,0.1631,0,Low
8785-EPNCG,0.3868,0,Low
1682-VCOIO,0.0234,0,Low
5729-KLZAR,0.7292,1,High
2072-ZVJJX,0.0036,0,Low
8849-AYPTR,0.5264,1,Medium
9518-IMLHK,0.1029,0,Low
1582-RAFML,0.5495,1,Medium
3646-ITDGM,0.0255,0,Low
8740-CRYFY,0.924,1,High
3569-VLDHH,0.0955,0,Low
8224-KDLKN,0.0275,0,Low
7594-LZNWR,0.4213,1,Medium
4001-TSBTV,0.4603,1,Medium
2962-XPMCQ,0.8516,1,High
8727-XDPUD,0.1684,0,Low
1043-UXOVO,0.0418,0,Low
1064-FBXNK,0.1315,0,Low
3996-ZNWYK,0.0147,0,Low
2878-DHMIN,0.0365,0,Low
7762-ONLJY,0.07,0,Low
1678-FYZOW,0.9091,1,High
5795-BKOYE,0.0587,0,Low
8627-EHGIP,0.4677,1,Medium
7402-PWYJJ,0.2807,0,Low
5480-TBGPH,0.67,1,Medium
0018-NYROU,0.7823,1,High
7501-VTYLJ,0.3534,0,Low
7608-RGIRO,0.0182,0,Low
0480-BIXDE,0.734,1,High
5895-QSXOD,0.5422,1,Medium
9814-AOUDH,0.028,0,Low
6175-IRFIT,0.6538,1,Medium
8760-ZRHKE,0.0697,0,Low
1622-HSHSF,0.651,1,Medium
8854-CCVSQ,0.7516,1,High
6749-UTDVX,0.3687,0,Low
5542-DHSXL,0.3335,0,Low
9102-OXKFY,0.0701,0,Low
0511-JTEOY,0.8027,1,High
5216-WASFJ,0.7812,1,High
7808-DVWEP,0.2356,0,Low
7067-KSAZT,0.4219,1,Medium
2284-VFLKH,0.1927,0,Low
0366-NQSHS,0.3107,0,Low
6532-YLWSI,0.1038,0,Low
3807-BPOMJ,0.2897,0,Low
3892-NXAZG,0.0195,0,Low
4948-WBBKL,0.4488,1,Medium
4182-BGSIQ,0.2265,0,Low
9300-AGZNL,0.937,1,High
0988-AADSA,0.0091,0,Low
9972-NKTFD,0.1609,0,Low
3717-LNXKW,0.3033,0,Low
5734-EJKXG,0.2415,0,Low
2207-RYYRL,0.0068,0,Low
6729-FZWSY,0.0506,0,Low
9695-IDRZR,0.0882,0,Low
8144-DGHXP,0.0544,0,Low
7814-LEEVE,0.316,0,Low
1112-CUNAO,0.5404,1,Medium
5175-AOBHI,0.6644,1,Medium
5174-RNGBH,0.4087,1,Medium
8631-WUXGY,0.5522,1,Medium
7270-BDIOA,0.7523,1,High
9565-JSNFM,0.1279,0,Low
5906-DVAPM,0.0386,0,Low
6654-QGBZZ,0.532,1,Medium
8348-JLBUG,0.0669,0,Low
0607-DAAHE,0.206,0,Low
5641-DMBFJ,0.0825,0,Low
9200-NLNPD,0.1458,0,Low
2664-XJZNO,0.1162,0,Low
9732-KPKBW,0.5177,1,Medium
3339-EAQNV,0.3999,0,Low
0921-OHLVP,0.4953,1,Medium
3389-YGYAI,0.868,1,High
9560-ARGQJ,0.7524,1,High
8350-NYMVI,0.1905,0,Low
1600-DILPE,0.4471,1,Medium
0536-ESJEP,0.0329,0,Low
4654-GGUII,0.0985,0,Low
6478-HRRCZ,0.0766,0,Low
8510-BBWMU,0.024,0,Low
6857-TKDJV,0.0043,0,Low
2360-RDGRO,0.3738,0,Low
0584-BJQGZ,0.1598,0,Low
5134-IKDAY,0.8599,1,High
1360-XFJMR,0.3121,0,Low
3070-DVEYC,0.6887,1,Medium
5730-RIITO,0.2934,0,Low
9058-MJLZC,0.5388,1,Medium
5707-ORNDZ,0.5576,1,Medium
0902-XKXPN,0.0167,0,Low
5177-RVZNU,0.0381,0,Low
0056-EPFBG,0.0432,0,Low
8993-IZEUX,0.5923,1,Medium
8696-JKZNU,0.6847,1,Medium
5380-AFSSK,0.857,1,High
8190-ZTQFB,0.3174,0,Low
0931-MHTEM,0.2536,0,Low
2055-PDADH,0.8958,1,High
7515-LODFU,0.0602,0,Low
0440-UEDAI,0.1657,0,Low
1337-BOZWO,0.1211,0,Low
0868-VJRDR,0.2252,0,Low
8714-EUHJO,0.6391,1,Medium
6344-SFJVH,0.2571,0,Low
3950-VPYJB,0.032,0,Low
8041-TMEID,0.0919,0,Low
7321-ZNSLA,0.0328,0,Low
6941-KXRRV,0.1617,0,Low
3721-CNEYS,0.9043,1,High
8727-JQFHV,0.017,0,Low
9475-NNDGC,0.2578,0,Low
1355-KUSBG,0.41,1,Medium
3688-FTHLT,0.3954,0,Low
0899-LIIBW,0.4928,1,Medium
2568-OIADY,0.8261,1,High
1384-RCUXW,0.5657,1,Medium
5825-XJOCM,0.1016,0,Low
6848-YLDFR,0.2422,0,Low
8125-QPFJD,0.0126,0,Low
2320-YKQBO,0.2603,0,Low
1193-RTSLK,0.4742,1,Medium
2302-ANTDP,0.4773,1,Medium
5923-GXUOC,0.7457,1,High
4973-RLZVI,0.1133,0,Low
7869-ZYDST,0.2386,0,Low
4501-UYKBC,0.1196,0,Low
1215-EXRMO,0.0129,0,Low
2305-MRGLV,0.2078,0,Low
8404-VIOMB,0.0295,0,Low
5233-GEEAX,0.7448,1,High
2359-KLTEK,0.4855,1,Medium
5304-EFJLP,0.1221,0,Low
2673-ZALNP,0.0526,0,Low
9184-GALIL,0.1143,0,Low
4393-RYCRE,0.3253,0,Low
9746-MDMBK,0.1974,0,Low
3162-ZJZFU,0.3477,0,Low
8404-GFGCZ,0.5442,1,Medium
8875-AKBYH,0.8116,1,High
4432-ADRLB,0.6052,1,Medium
0533-UCAAU,0.0705,0,Low
1394-SUIUH,0.3385,0,Low
3521-MNKLV,0.2907,0,Low
2533-TIBIX,0.1992,0,Low
8993-PHFWD,0.6468,1,Medium
1565-RHDJD,0.7628,1,High
7137-RYLPP,0.7949,1,High
3765-JXVKY,0.8763,1,High
5092-STPKP,0.1666,0,Low
7330-WZLNC,0.9151,1,High
0114-PEGZZ,0.475,1,Medium
3359-DSRKA,0.0078,0,Low
8639-NHQEI,0.0497,0,Low
7161-DFHUF,0.0057,0,Low
3957-LXOLK,0.8074,1,High
3720-DBRWL,0.0107,0,Low
6635-MYYYZ,0.2247,0,Low
8565-WUXZU,0.0455,0,Low
5281-BUZGT,0.538,1,Medium
4994-OBRSZ,0.0642,0,Low
0562-FGDCR,0.0315,0,Low
2436-QBZFP,0.2879,0,Low
3420-YJLQT,0.6688,1,Medium
6040-CGACY,0.2159,0,Low
6582-PLFUU,0.0094,0,Low
8242-PDSGJ,0.021,0,Low
0264-CNITK,0.0086,0,Low
0089-IIQKO,0.402,1,Medium
7839-NUIAA,0.1527,0,Low
6075-QMNRR,0.2118,0,Low
5378-IKEEG,0.8418,1,High
5966-EMAZU,0.2634,0,Low
0440-EKDCF,0.0238,0,Low
4774-HHGGS,0.0136,0,Low
2718-GAXQD,0.559,1,Medium
2055-BFOCC,0.0893,0,Low
8180-AKMJV,0.602,1,Medium
4298-OYIFC,0.698,1,Medium
5566-SOEZD,0.1597,0,Low
9842-EFSYY,0.4618,1,Medium
2272-WUSPA,0.1156,0,Low
4584-LBNMK,0.0365,0,Low
3898-GUYTS,0.3497,0,Low
0930-EHUZA,0.0887,0,Low
6413-XKKPU,0.71,1,High
9975-SKRNR,0.3489,0,Low
3703-KBKZP,0.5401,1,Medium
1449-XQEMT,0.4967,1,Medium
2626-URJFX,0.6874,1,Medium
4973-MGTON,0.0171,0,Low
3682-YEUWS,0.2236,0,Low
1223-UNPKS,0.0137,0,Low
2612-RRIDN,0.9005,1,High
4735-ASGMA,0.8552,1,High
3446-QDSZF,0.4554,1,Medium
3669-LVWZB,0.6219,1,Medium
6892-EZDTG,0.9199,1,High
5117-IFGPS,0.8139,1,High
7379-FNIUJ,0.4405,1,Medium
1627-AFWVJ,0.0199,0,Low
9725-SCPZG,0.8482,1,High
5884-GCYMI,0.7654,1,High
3217-FZDMN,0.7635,1,High
4486-EFAEB,0.3223,0,Low
0060-FUALY,0.3327,0,Low
7853-GVUDZ,0.5198,1,Medium
7480-QNVZJ,0.8252,1,High
6954-OOYZZ,0.287,0,Low
7088-FBAWU,0.2364,0,Low
8313-AFGBW,0.1201,0,Low
3943-KDREE,0.5575,1,Medium
9239-ZBZZV,0.7748,1,High
3097-IDVPU,0.1872,0,Low
4398-HSCJH,0.6212,1,Medium
2197-OMWGI,0.1543,0,Low
2303-PJYHN,0.2829,0,Low
9795-VOWON,0.1888,0,Low
1237-WIYYZ,0.1726,0,Low
1987-AUELQ,0.0072,0,Low
7852-LECYP,0.4027,1,Medium
4430-UZIPO,0.5694,1,Medium
4822-LPTYJ,0.1739,0,Low
8165-CBKXO,0.0484,0,Low
6527-PZFPV,0.1295,0,Low
4855-SNKMY,0.7209,1,High
9593-CVZKR,0.0279,0,Low
8595-SIZNC,0.0428,0,Low
8008-HAWED,0.7192,1,High
7124-UGSUR,0.255,0,Low
1862-SKORY,0.5777,1,Medium
5236-XMZJY,0.2541,0,Low
4827-DPADN,0.0144,0,Low
2694-CIUMO,0.5498,1,Medium
5846-ABOBJ,0.0536,0,Low
1439-LCGVL,0.0272,0,Low
0909-SDHNU,0.2961,0,Low
4647-XXZAM,0.3197,0,Low
1502-XFCVR,0.4633,1,Medium
7740-KKCXF,0.2796,0,Low
5360-XGYAZ,0.0037,0,Low
9692-TUSXH,0.7365,1,High
7912-SYRQT,0.766,1,High
3557-HTYWR,0.0337,0,Low
4816-JBHOV,0.8542,1,High
8920-NAVAY,0.2419,0,Low
1699-TLDLZ,0.008,0,Low
5600-PDUJF,0.4484,1,Medium
8292-TYSPY,0.3546,0,Low
0567-XRHCU,0.0569,0,Low
1867-BDVFH,0.7395,1,High
2067-QYTCF,0.4571,1,Medium
2359-QWQUL,0.3246,0,Low
9103-TCIHJ,0.3675,0,Low
7407-SUJIZ,0.0927,0,Low
9150-KPBJQ,0.0784,0,Low
0052-DCKON,0.1808,0,Low
3654-ARMGP,0.0173,0,Low
9699-UBQFS,0.4111,1,Medium
9367-TCUYN,0.2291,0,Low
1261-FWTTE,0.4554,1,Medium
3528-HFRIQ,0.3673,0,Low
0708-SJDIS,0.1411,0,Low
4140-WJAWW,0.3956,0,Low
2073-QBVBI,0.1545,0,Low
6928-ONTRW,0.0026,0,Low
3320-VEOYC,0.8298,1,High
5231-FIQPA,0.0214,0,Low
6617-WLBQC,0.1275,0,Low
2599-CIPQE,0.0462,0,Low
6653-CBBOM,0.9221,1,High
8774-GSBUN,0.004,0,Low
7326-RIGQZ,0.8306,1,High
1401-FTHFQ,0.0222,0,Low
3247-ZVOUO,0.6636,1,Medium
0254-FNMCI,0.0889,0,Low
1848-LBZHY,0.3992,0,Low
6101-IMRMM,0.6938,1,Medium
8118-TJAFG,0.6023,1,Medium
5429-LWCMV,0.8598,1,High
7298-IZWLY,0.5911,1,Medium
9758-MFWGD,0.1638,0,Low
3955-JBZZM,0.5013,1,Medium
1268-ASBGA,0.694,1,Medium
8943-URTMR,0.8385,1,High
4815-TUMEQ,0.079,0,Low
4713-LZDRV,0.9079,1,High
9909-IDLEK,0.3473,0,Low
4092-OFQZS,0.0281,0,Low
1561-BWHIN,0.0164,0,Low
4325-NFSKC,0.7038,1,High
9927-DSWDF,0.5379,1,Medium
9500-LTVBP,0.3919,0,Low
7252-NTGSS,0.5594,1,Medium
8149-AIQCG,0.5122,1,Medium
1360-JYXKQ,0.4251,1,Medium
2955-PSXOE,0.4482,1,Medium
7762-URZQH,0.4395,1,Medium
0899-WZRSD,0.2917,0,Low
3255-GRXMG,0.3136,0,Low
4828-FAZPK,0.4805,1,Medium
6094-ZIVKX,0.0528,0,Low
6925-BAYGL,0.0264,0,Low
3262-EIDHV,0.0193,0,Low
7354-OIJLX,0.9029,1,High
1376-HHBDV,0.213,0,Low
6907-NZZIJ,0.808,1,High
6133-OZILE,0.3894,0,Low
4135-FRWKJ,0.0801,0,Low
2911-UREFD,0.4507,1,Medium
3744-ZRRDZ,0.8216,1,High
5673-TIYIB,0.6228,1,Medium
6551-ZCOTS,0.0394,0,Low
7191-ADRGF,0.1161,0,Low
5018-LXQQG,0.1705,0,Low
6892-BOGQE,0.0109,0,Low
1602-IJQQE,0.7998,1,High
4628-WQCQQ,0.4782,1,Medium
1746-TGTWV,0.6084,1,Medium
5995-SNNEW,0.7957,1,High
8050-WYBND,0.2132,0,Low
2821-WARNZ,0.0227,0,Low
4879-GZLFH,0.5698,1,Medium
1644-IRKSF,0.4981,1,Medium
8314-HTWVE,0.0224,0,Low
9402-ROUMJ,0.1735,0,Low
2507-QZPQS,0.4254,1,Medium
7159-NOKYQ,0.2485,0,Low
5707-ZMDJP,0.0176,0,Low
8779-YIQQA,0.016,0,Low
7136-IHZJA,0.1056,0,Low
8966-OIQHG,0.0367,0,Low
7074-STDCN,0.2738,0,Low
3705-PSNGL,0.0771,0,Low
8739-QOTTN,0.3175,0,Low
1399-OUPJN,0.006,0,Low
0277-BKSQP,0.4527,1,Medium
6502-HCJTI,0.7093,1,High
2606-RMDHZ,0.4385,1,Medium
5774-XZTQC,0.1883,0,Low
2676-SSLTO,0.043,0,Low
6266-QHOJZ,0.1391,0,Low
7269-JISCY,0.065,0,Low
0363-SVHYR,0.0057,0,Low
8547-NSBBO,0.2402,0,Low
8258-GSTJK,0.8774,1,High
6861-OKBCE,0.3181,0,Low
9940-RHLFB,0.7685,1,High
6591-QGOYB,0.4032,1,Medium
9070-BCKQP,0.1074,0,Low
6421-SZVEM,0.234,0,Low
1328-EUZHC,0.0197,0,Low
2995-UPRYS,0.26,0,Low
8878-RYUKI,0.3818,0,Low
9633-DENPU,0.2883,0,Low
7811-JIVPF,0.2905,0,Low
7113-HIPFI,0.0498,0,Low
8541-QVFKM,0.8492,1,High
6686-YPGHK,0.4615,1,Medium
1383-EZRWL,0.451,1,Medium
9258-CNWAC,0.0375,0,Low
5371-VYLSX,0.3571,0,Low
6374-AFWOX,0.0256,0,Low
4759-TRPLW,0.8586,1,High
5317-FLPJF,0.0101,0,Low
7621-VPNET,0.3324,0,Low
6034-YMTOB,0.6405,1,Medium
8563-IIOXK,0.3269,0,Low
4903-CNOZC,0.1257,0,Low
4353-HYOJD,0.2032,0,Low
8020-BWHYL,0.662,1,Medium
7267-FRMJW,0.0165,0,Low
2982-VPSGI,0.8816,1,High
4188-FRABG,0.2949,0,Low
8199-ZLLSA,0.3204,0,Low
4128-ETESU,0.487,1,Medium
0620-DLSLK,0.6827,1,Medium
4625-EWPTF,0.6446,1,Medium
5980-NOPLP,0.751,1,High
3850-OKINF,0.1486,0,Low
6892-XPFPU,0.8344,1,High
8010-EZLOU,0.86,1,High
1156-ZFYDO,0.3535,0,Low
3295-YVUSR,0.7797,1,High
8016-NCFVO,0.3155,0,Low
4119-ZYPZY,0.1994,0,Low
5549-ZGHFB,0.0106,0,Low
7577-SWIFR,0.8383,1,High
0303-WMMRN,0.2674,0,Low
6408-OTUBZ,0.1255,0,Low
5204-HMGYF,0.1154,0,Low
1078-TDCRN,0.6247,1,Medium
3727-OVPRY,0.0264,0,Low
3797-FKOGQ,0.6121,1,Medium
7622-NXQZR,0.2257,0,Low
6196-HBOBZ,0.1149,0,Low
3970-XGJDU,0.0244,0,Low
7017-VFULY,0.4329,1,Medium
5562-YJQGT,0.3195,0,Low
8807-OPMBM,0.0139,0,Low
5439-WIKXB,0.6764,1,Medium
9874-QLCLH,0.7173,1,High
8294-UIMBA,0.1669,0,Low
8109-YUOHE,0.0877,0,Low
5840-NVDCG,0.0378,0,Low
8092-NLTGF,0.0082,0,Low
5928-QLDHB,0.884,1,High
9840-EFJQB,0.6562,1,Medium
0696-UKTOX,0.1751,0,Low
4801-KFYKL,0.1909,0,Low
3472-OAOOR,0.2183,0,Low
6135-OZQVA,0.5911,1,Medium
8062-YBDOE,0.8568,1,High
2252-JHJGE,0.3084,0,Low
4188-PCPIG,0.0181,0,Low
6000-APYLU,0.869,1,High
7105-BENQF,0.1124,0,Low
7721-DVEKZ,0.4636,1,Medium
3566-VVORZ,0.3505,0,Low
9507-HSMMZ,0.0226,0,Low
2480-SQIOB,0.5812,1,Medium
0947-IDHRQ,0.8211,1,High
7813-TKCVO,0.0413,0,Low
0128-MKWSG,0.1848,0,Low
3672-YITQD,0.8085,1,High
4350-ZTLPI,0.2113,0,Low
9048-JVYVF,0.5557,1,Medium
0361-HJRDX,0.0134,0,Low
5727-MYATE,0.0128,0,Low
3823-KYNQY,0.0482,0,Low
8988-ECPJR,0.5054,1,Medium
7570-WELNY,0.0621,0,Low
3021-VLNRJ,0.0629,0,Low
3776-EKTKM,0.8641,1,High
2080-CAZNM,0.7746,1,High
1028-FFNJK,0.6301,1,Medium
6907-FLBER,0.5285,1,Medium
3001-UNBTL,0.6801,1,Medium
5982-PSMKW,0.0417,0,Low
3507-GASNP,0.048,0,Low
7096-ZNBZI,0.017,0,Low
1902-XBTFB,0.5933,1,Medium
1676-MQAOA,0.0204,0,Low
0786-IVLAW,0.2054,0,Low
7566-DSRLQ,0.1448,0,Low
0643-OKLRP,0.5739,1,Medium
7245-JMTTQ,0.3397,0,Low
6050-IJRHS,0.2566,0,Low
6202-JVYEU,0.0934,0,Low
8591-TKMZH,0.0774,0,Low
0734-OXWBT,0.3358,0,Low
4282-ACRXS,0.4721,1,Medium
0365-TRTPY,0.3172,0,Low
7349-ALMUX,0.0364,0,Low
9381-NDKME,0.4098,1,Medium
6502-KUGLL,0.2164,0,Low
1841-YSJGV,0.0765,0,Low
2794-XIMMO,0.3622,0,Low
8382-SHQEH,0.9243,1,High
3511-BFTJW,0.044,0,Low
7668-XCFYV,0.8219,1,High
2983-ZANRP,0.7358,1,High
7845-URHJN,0.4745,1,Medium
3034-ZBEQN,0.2885,0,Low
5018-HEKFO,0.2764,0,Low
2923-ARZLG,0.1039,0,Low
3976-NLDEZ,0.67,1,Medium
2282-YGNOR,0.0986,0,Low
5336-UFNZP,0.3575,0,Low
6854-EXGSF,0.3599,0,Low
1241-EZFMJ,0.0137,0,Low
9233-PSYHO,0.2443,0,Low
5376-PCKNB,0.1891,0,Low
8044-BGWPI,0.2632,0,Low
4060-LDNLU,0.7156,1,High
3589-PPVKW,0.4404,1,Medium
8327-LZKAS,0.5854,1,Medium
5887-IKKYO,0.0732,0,Low
1075-BGWOH,0.867,1,High
1755-RMCXH,0.2263,0,Low
0302-JOIVN,0.7648,1,High
3858-XHYJO,0.1938,0,Low
4299-SIMNS,0.6428,1,Medium
7025-IWFHT,0.2691,0,Low
6261-LHRTG,0.2705,0,Low
7841-FCRQD,0.1127,0,Low
2056-EVGZL,0.2173,0,Low
8777-MBMTS,0.1084,0,Low
7753-USQYQ,0.1134,0,Low
5366-IJEQJ,0.8155,1,High
7661-CPURM,0.2961,0,Low
6233-HXJMX,0.3901,0,Low
5902-WBLSE,0.0094,0,Low
1981-INRFU,0.8706,1,High
4971-PUYQO,0.6871,1,Medium
3239-TPHPZ,0.0793,0,Low
5115-GZDEL,0.0068,0,Low
3338-CVVEH,0.6763,1,Medium
8485-GJCDN,0.8206,1,High
2615-YVMYX,0.2938,0,Low
2851-STERV,0.1994,0,Low
4393-GEADV,0.0359,0,Low
8486-AYEQH,0.7597,1,High
1527-SXDPN,0.3032,0,Low
6029-WTIPC,0.8477,1,High
8634-CILSZ,0.6062,1,Medium
5419-JKZNQ,0.3272,0,Low
2495-KZNFB,0.4344,1,Medium
1409-PHXTF,0.1855,0,Low
4560-WQAQW,0.043,0,Low
9591-YVTEB,0.3624,0,Low
9309-BZGNT,0.0977,0,Low
4274-DRSQT,0.1517,0,Low
2027-DNKIV,0.0362,0,Low
8075-GXIUB,0.0477,0,Low
2885-HIJDH,0.0325,0,Low
5424-RLQLC,0.373,0,Low
6682-QJDGB,0.196,0,Low
6507-DTJZV,0.2819,0,Low
8780-IXSTS,0.8799,1,High
7673-BQGKU,0.0033,0,Low
6723-WSNTY,0.1972,0,Low
9530-EHPOH,0.5672,1,Medium
2725-IWWBA,0.0439,0,Low
0345-HKJVM,0.7385,1,High
1061-PNTHC,0.2462,0,Low
0394-YONDK,0.0023,0,Low
6574-MCOEH,0.1561,0,Low
7399-QHBJS,0.0229,0,Low
3049-SOLAY,0.916,1,High
0997-YTLNY,0.231,0,Low
3317-HRTNN,0.707,1,High
9479-HYNYL,0.0091,0,Low
3235-ETOOB,0.749,1,High
9708-KFDBY,0.4462,1,Medium
8058-INTPH,0.9124,1,High
3642-GKTCT,0.1561,0,Low
0774-RMNUW,0.007,0,Low
1334-PDUKM,0.1252,0,Low
0756-MPZRL,0.0814,0,Low
2242-MFOTG,0.0682,0,Low
2927-CVULT,0.146,0,Low
2144-BFDSO,0.361,0,Low
8745-PVESG,0.0377,0,Low
7647-GYYKX,0.0056,0,Low
5647-FXOTP,0.7347,1,High
5569-OUICF,0.5638,1,Medium
8821-XNHVZ,0.8198,1,High
2082-OJVTK,0.7412,1,High
9700-ISPUP,0.4167,1,Medium
9839-ETQOE,0.2464,0,Low
6078-VESFR,0.4214,1,Medium
9027-TMATR,0.072,0,Low
5940-NFXKV,0.7694,1,High
1941-HOSAM,0.8107,1,High
9110-HSGTV,0.0133,0,Low
0704-VCUMB,0.0182,0,Low
6171-ZTVYB,0.0984,0,Low
8053-WWDRO,0.3294,0,Low
9564-KCLHR,0.5481,1,Medium
1935-IMVBB,0.3607,0,Low
2535-PBCGC,0.0121,0,Low
2082-CEFLT,0.8422,1,High
1470-PSXNM,0.3987,0,Low
1213-NGCUN,0.5378,1,Medium
2498-XLDZR,0.0231,0,Low
9866-OCCKE,0.0721,0,Low
5338-YHWYT,0.0219,0,Low
7718-UPSKJ,0.2423,0,Low
8731-WBBMB,0.1425,0,Low
1448-CYWKC,0.1997,0,Low
7901-IIDQV,0.0961,0,Low
2690-DVRVK,0.0996,0,Low
5688-KZTSN,0.3609,0,Low
1270-XKUCC,0.0081,0,Low
0334-ZFJSR,0.049,0,Low
2894-QOJRX,0.4838,1,Medium
5747-PMBSQ,0.7402,1,High
5583-EJXRD,0.0179,0,Low
4565-EVZMJ,0.0522,0,Low
3143-JQEGI,0.7135,1,High
6386-SZZKH,0.2318,0,Low
3327-YBAKM,0.1723,0,Low
9441-QHEVC,0.2965,0,Low
6705-LNMDD,0.271,0,Low
2580-ASVVY,0.1149,0,Low
3370-GQEAL,0.4686,1,Medium
5032-USPKF,0.0951,0,Low
2982-IHMFT,0.8871,1,High
3521-SYVOR,0.5249,1,Medium
4254-QPEDE,0.0508,0,Low
6283-GITPX,0.0185,0,Low
9526-JAWYF,0.5327,1,Medium
0771-CHWSK,0.034,0,Low
9788-HNGUT,0.0377,0,Low
9495-REDIY,0.1293,0,Low
5375-XLDOF,0.1351,0,Low
1172-VIYBP,0.0217,0,Low
5649-VUKMC,0.4819,1,Medium
6559-PDZLR,0.5187,1,Medium
8992-OBVDG,0.2185,0,Low
4273-MBHYA,0.7829,1,High
4724-WXVWF,0.4197,1,Medium
5701-GUXDC,0.1009,0,Low
1460-UZPRJ,0.0026,0,Low
6082-GLJIX,0.1651,0,Low
5143-EGQFK,0.6366,1,Medium
4919-IKATY,0.5957,1,Medium
2495-TTHBQ,0.0909,0,Low
0485-ZBSLN,0.0021,0,Low
3810-PJUHR,0.004,0,Low
9050-QLROH,0.5283,1,Medium
0847-HGRML,0.0281,0,Low
8232-CTLKO,0.0895,0,Low
9227-YBAXE,0.0479,0,Low
6168-WFVVF,0.8785,1,High
9860-LISIZ,0.174,0,Low
0112-QAWRZ,0.4549,1,Medium
0877-SDMBN,0.422,1,Medium
2786-GCDPI,0.52,1,Medium
4043-MKDTV,0.1518,0,Low
8065-YKXKD,0.8969,1,High
9637-EIHEQ,0.7083,1,High
9229-RQABD,0.0402,0,Low
8313-KTIHG,0.4112,1,Medium
5320-BRKGK,0.0294,0,Low
6284-KMNUF,0.3692,0,Low
9689-PTNPG,0.909,1,High
9465-RWMXL,0.7336,1,High
6229-UOLQL,0.0967,0,Low
2362-IBOOY,0.7514,1,High
3137-LUPIX,0.3206,0,Low
0843-WTBXE,0.4907,1,Medium
6143-JQKEA,0.4308,1,Medium
8676-OOQEJ,0.4266,1,Medium
5515-IDEJJ,0.551,1,Medium
9701-CDXHR,0.3721,0,Low
7450-NWRTR,0.8985,1,High
8124-NZVGJ,0.2708,0,Low
2162-FRZAA,0.0327,0,Low
5376-DEQCP,0.9245,1,High
5118-MUEYH,0.4131,1,Medium
9095-HFAFX,0.8087,1,High
5627-TVBPP,0.0438,0,Low
2379-ENZGV,0.8613,1,High
3936-QQFLL,0.4338,1,Medium
2589-AYCRP,0.0543,0,Low
4067-HLYQI,0.5165,1,Medium
5124-EOGYE,0.008,0,Low
5057-RKGLH,0.0198,0,Low
0292-WEGCH,0.2221,0,Low
8910-ICHIU,0.1332,0,Low
4097-YODCF,0.2404,0,Low
9715-WZCLW,0.2124,0,Low
9786-YWNHU,0.0027,0,Low
6407-GSJNL,0.0236,0,Low
6005-OBZPH,0.8152,1,High
4049-ZPALD,0.1724,0,Low
7932-WPTDS,0.7567,1,High
3733-UOCWF,0.0891,0,Low
6833-JMZYP,0.6816,1,Medium
2722-VOJQL,0.645,1,Medium
1310-QRITU,0.5489,1,Medium
8961-QDZZJ,0.2685,0,Low
9715-SBVSU,0.0878,0,Low
8490-BXHEO,0.4493,1,Medium
7173-TETGO,0.06,0,Low
7929-SKFGK,0.0676,0,Low
2300-RQGOI,0.0121,0,Low
3563-SVYLG,0.0206,0,Low
5228-EXCET,0.8317,1,High
6435-VWCCY,0.0815,0,Low
4998-IKFSE,0.4527,1,Medium
8630-QSGXK,0.0388,0,Low
2455-USLMV,0.3464,0,Low
7394-FKDNK,0.8093,1,High
9488-FVZCC,0.0155,0,Low
6331-LWDTQ,0.4357,1,Medium
5995-WWKKG,0.0444,0,Low
1597-FZREH,0.5698,1,Medium
7879-CGSFV,0.3315,0,Low
9921-EZKBY,0.3611,0,Low
7432-FFVAR,0.1063,0,Low
7246-ZGQDF,0.3808,0,Low
7000-WCEVQ,0.4674,1,Medium
0727-IWKVK,0.808,1,High
5959-BELXA,0.6757,1,Medium
4456-RHSNB,0.2599,0,Low
3512-IZIKN,0.1639,0,Low
2481-SBOYW,0.013,0,Low
7109-MFBYV,0.2909,0,Low
1833-TCXKK,0.6448,1,Medium
1832-PEUTS,0.1083,0,Low
6141-OOXUQ,0.6036,1,Medium
8660-BUETV,0.5212,1,Medium
0580-PIQHM,0.1669,0,Low
5696-CEIQJ,0.0959,0,Low
7503-ZGUZJ,0.8807,1,High
1696-HXOWK,0.1096,0,Low
3026-ATZYV,0.1083,0,Low
4012-YCFAI,0.0181,0,Low
2506-TNFCO,0.8478,1,High
9970-QBCDA,0.2866,0,Low
8718-PTMEZ,0.6078,1,Medium
9496-IVVRP,0.2313,0,Low
2207-OBZNX,0.4384,1,Medium
2657-VPXTA,0.7538,1,High
6551-VLJMV,0.0098,0,Low
1221-GHZEP,0.0257,0,Low
9289-LBQVU,0.1743,0,Low
6142-VSJQO,0.7057,1,High
3458-IDMFK,0.0296,0,Low
6933-FHBZC,0.1982,0,Low
0221-NAUXK,0.0628,0,Low
9770-KXGQU,0.1179,0,Low
6437-UKHMV,0.9041,1,High
6538-POCHL,0.4382,1,Medium
6726-NNFWD,0.0706,0,Low
3002-WQZWT,0.7499,1,High
4277-UDIEF,0.1522,0,Low
1208-NBVFH,0.3991,0,Low
4912-PIGUY,0.8932,1,High
1114-CENIM,0.3571,0,Low
6060-DRTNL,0.8431,1,High
2725-TTRIQ,0.0067,0,Low
3374-TTZTK,0.1663,0,Low
8990-ZXLSU,0.6403,1,Medium
2275-RBYQS,0.7519,1,High
8473-VUVJN,0.9277,1,High
6289-CPNLD,0.3161,0,Low
5536-SLHPM,0.7292,1,High
4419-UJMUS,0.2648,0,Low
7794-JASDG,0.473,1,Medium
7609-YBPXG,0.0181,0,Low
5519-TEEUH,0.0906,0,Low
7856-GANIL,0.1225,0,Low
0804-XBFBV,0.3584,0,Low
2676-OXPPQ,0.3307,0,Low
3703-TTEPD,0.1947,0,Low
2799-TSLAG,0.004,0,Low
0196-VULGZ,0.9254,1,High
8837-VVWLQ,0.6169,1,Medium
2696-NARTR,0.6868,1,Medium
2208-NKVVH,0.0193,0,Low
7614-QVWQL,0.331,0,Low
1976-CFOCS,0.7575,1,High
4631-OACRM,0.8067,1,High
7139-JZFVG,0.0104,0,Low
4987-GQWPO,0.3049,0,Low
3755-JBMNH,0.6712,1,Medium
1757-TCATG,0.0133,0,Low
6345-ULYRW,0.3033,0,Low
4776-XSKYQ,0.1406,0,Low
8048-DSDFQ,0.4023,1,Medium
5753-QQWPW,0.1159,0,Low
6010-DDPPW,0.0075,0,Low
1809-DMJHQ,0.4501,1,Medium
6693-FRIRW,0.4017,1,Medium
6586-MYGKD,0.0519,0,Low
3173-NVMPX,0.3653,0,Low
0248-PGHBZ,0.0731,0,Low
0623-GDISB,0.5094,1,Medium
2892-GESUL,0.014,0,Low
6923-EFPNL,0.5592,1,Medium
7472-EQOAV,0.0834,0,Low
9574-RKJIF,0.5303,1,Medium
2043-WVTQJ,0.3852,0,Low
8034-RYTVV,0.1031,0,Low
3863-QSTYI,0.2362,0,Low
2619-WFQWU,0.8859,1,High
5044-LRQAQ,0.6434,1,Medium
1716-LSAMB,0.0408,0,Low
1333-PBMXB,0.0246,0,Low
6546-OPBBH,0.0897,0,Low
5985-BEHZK,0.1608,0,Low
9127-QRZMH,0.0397,0,Low
5919-VCZYM,0.3616,0,Low
9644-KVCNC,0.1651,0,Low
2137-DQMEV,0.093,0,Low
8174-LNWMW,0.0175,0,Low
9279-CJEOJ,0.6131,1,Medium
7964-VEXDG,0.3974,0,Low
2404-JIBFC,0.0119,0,Low
0778-NELLA,0.4777,1,Medium
8029-XYPWT,0.0672,0,Low
4614-NUVZD,0.8954,1,High
4632-PAOYU,0.0173,0,Low
3803-KMQFW,0.5331,1,Medium
6804-GDMOI,0.391,0,Low
2990-OGYTD,0.0037,0,Low
6646-JPPHA,0.3483,0,Low
9572-MTILT,0.3953,0,Low
7658-UYUQS,0.3398,0,Low
7880-XSOJX,0.3208,0,Low
9611-CTWIH,0.92,1,High
4589-IUAJB,0.0068,0,Low
0329-GTIAJ,0.7353,1,High
8746-BFOAJ,0.0503,0,Low
8457-XIGKN,0.1875,0,Low
6072-NUQCB,0.0313,0,Low
6629-CZTTH,0.744,1,High
8838-GPHZP,0.0099,0,Low
8750-QWZAJ,0.0174,0,Low
5364-EVNIB,0.8094,1,High
6918-UMQCG,0.6243,1,Medium
0675-NCDYU,0.0254,0,Low
6339-DKLMK,0.5578,1,Medium
1346-PJWTK,0.3162,0,Low
5088-QZLRL,0.471,1,Medium
8023-QHAIO,0.2651,0,Low
4397-FRLTA,0.3896,0,Low
3057-VJJQE,0.0405,0,Low
5087-SUURX,0.6715,1,Medium
2302-OUZXB,0.0357,0,Low
8133-ANHHJ,0.1084,0,Low
2270-CHBFN,0.2309,0,Low
0013-EXCHZ,0.7045,1,High
5982-FPVQN,0.6112,1,Medium
9107-UKCKY,0.275,0,Low
4654-ULTTN,0.0382,0,Low
5550-VFRLC,0.9262,1,High
5546-BYZSM,0.1836,0,Low
1492-KGETH,0.0793,0,Low
4929-BSTRX,0.7622,1,High
4163-HFTUK,0.0685,0,Low
8215-NGSPE,0.0074,0,Low
2225-ZRGSG,0.1759,0,Low
8859-YSTWS,0.0263,0,Low
5271-YNWVR,0.047,0,Low
7601-DHFWZ,0.0513,0,Low
2657-ALMWY,0.5284,1,Medium
6330-JKLPC,0.7668,1,High
4667-OHGKG,0.5645,1,Medium
1998-VHJHK,0.0367,0,Low
1707-HABPF,0.1622,0,Low
1660-HSOOQ,0.68,1,Medium
7253-UVNDW,0.2324,0,Low
0487-VVUVK,0.1686,0,Low
7228-OMTPN,0.8901,1,High
5063-IUOKK,0.0199,0,Low
4508-OEBEY,0.1002,0,Low
0027-KWYKW,0.7187,1,High
2308-STERM,0.2911,0,Low
5982-XMDEX,0.0267,0,Low
6284-AHOOQ,0.4226,1,Medium
6051-PTVNS,0.0283,0,Low
2344-JMOGN,0.7398,1,High
3799-ISUZQ,0.7056,1,High
2877-VDUER,0.0994,0,Low
9152-AMKAK,0.0837,0,Low
1794-HBQTJ,0.6379,1,Medium
9432-VOFYX,0.6587,1,Medium
8049-WJCLQ,0.2846,0,Low
6586-PSJOX,0.1284,0,Low
2460-FPSYH,0.4372,1,Medium
9705-ZJBCG,0.0664,0,Low
4818-DRBQT,0.564,1,Medium
1320-HTRDR,0.9269,1,High
6847-KJLTS,0.4123,1,Medium
9670-BPNXF,0.1011,0,Low
3913-FCUUW,0.0247,0,Low
3301-VKTGC,0.108,0,Low
1493-AMTIE,0.4625,1,Medium
9555-SAHUZ,0.1612,0,Low
0816-TSPHQ,0.474,1,Medium
9932-WBWIK,0.2805,0,Low
4619-EVPHY,0.327,0,Low
5286-YHCVC,0.1476,0,Low
6424-ELEYH,0.8132,1,High
4391-RESHN,0.6248,1,Medium
9115-YQHGA,0.2565,0,Low
4462-CYWMH,0.4141,1,Medium
8963-MQVYN,0.2419,0,Low
2458-EOMRE,0.2596,0,Low
9334-GWGOW,0.9234,1,High
6821-BUXUX,0.7052,1,High
5028-HTLJB,0.722,1,High
9801-GDWGV,0.8136,1,High
6542-LWGXJ,0.4094,1,Medium
5567-GZKQY,0.0156,0,Low
1222-LRYKO,0.2167,0,Low
2320-JRSDE,0.5252,1,Medium
2087-QAREY,0.2514,0,Low
0601-WZHJF,0.6054,1,Medium
4423-JWZJN,0.129,0,Low
5143-WMWOG,0.5436,1,Medium
6490-FGZAT,0.2326,0,Low
5393-RXQSZ,0.8802,1,High
7452-FOLON,0.0303,0,Low
2320-TZRRH,0.0269,0,Low
0231-LXVAP,0.7181,1,High
9444-JTXHZ,0.8235,1,High
4942-VZZOM,0.047,0,Low
5510-BOIUJ,0.4364,1,Medium
7502-BNYGS,0.2567,0,Low
4291-HYEBC,0.2226,0,Low
6147-CBCRA,0.147,0,Low
6047-SUHPR,0.1254,0,Low
4471-KXAUH,0.6925,1,Medium
9752-ZNQUT,0.7092,1,High
7638-QVMVY,0.892,1,High
1576-PFZIW,0.0915,0,Low
5666-MBJPT,0.0115,0,Low
7312-XSBAT,0.5098,1,Medium
3096-GKWEB,0.8318,1,High
2371-JQHZZ,0.7461,1,High
0674-GCDXG,0.0479,0,Low
1121-QSIVB,0.1858,0,Low
4396-KLSEH,0.3567,0,Low
3244-DCJWY,0.8876,1,High
2824-MYYBN,0.6966,1,Medium
0875-CABNR,0.7232,1,High
6345-HOVES,0.3363,0,Low
8318-LCNBW,0.1219,0,Low
6469-QJKZW,0.3256,0,Low
0147-ESWWR,0.656,1,Medium
1217-VASWC,0.3181,0,Low
7812-FZHPE,0.2513,0,Low
6370-ZVHDV,0.0059,0,Low
5915-DGNVC,0.0978,0,Low
6260-XLACS,0.0479,0,Low
3566-CAAYU,0.083,0,Low
4983-CCWMC,0.7523,1,High
9103-CXVOK,0.4353,1,Medium
2896-TBNBE,0.1818,0,Low
4797-AXPXK,0.5615,1,Medium
5229-PRWKT,0.9177,1,High
6982-UQZLY,0.6194,1,Medium
2522-WLNSF,0.0682,0,Low
3841-CONLJ,0.6709,1,Medium
5057-LCOUI,0.5851,1,Medium
0193-ESZXP,0.4222,1,Medium
4475-NVTLU,0.0228,0,Low
4369-HTUIF,0.6776,1,Medium
9386-LDCZR,0.0683,0,Low
9585-KKMFD,0.0132,0,Low
5399-ZIMKF,0.8535,1,High
0336-KXKFK,0.0233,0,Low
5619-XZZKR,0.0889,0,Low
3948-FVVRP,0.2965,0,Low
5327-XOKKY,0.0852,0,Low
0983-TATYJ,0.0927,0,Low
1813-JYWTO,0.0393,0,Low
0156-FVPTA,0.4728,1,Medium
1984-FCOWB,0.5569,1,Medium
0654-HMSHN,0.6647,1,Medium
6719-OXYBR,0.5767,1,Medium
3312-ZWLGF,0.5635,1,Medium
6476-YHMGA,0.2014,0,Low
5287-QWLKY,0.4328,1,Medium
0795-XCCTE,0.0184,0,Low
0168-XZKBB,0.8072,1,High
3785-NRHYR,0.4864,1,Medium
5196-SGOAK,0.8438,1,High
4537-DKTAL,0.6123,1,Medium
7072-MBHEV,0.5336,1,Medium
5602-BVFMK,0.02,0,Low
6297-NOOPG,0.1628,0,Low
1891-UAWWU,0.5785,1,Medium
8204-TIFGJ,0.1954,0,Low
8050-DVOJX,0.0364,0,Low
6108-OQZDQ,0.8337,1,High
0363-QJVFX,0.3456,0,Low
8903-XEBGX,0.7136,1,High
8169-SAEJD,0.0286,0,Low
9840-DVNDC,0.7004,1,High
1089-XZWHH,0.0256,0,Low
2325-WINES,0.2538,0,Low
6064-ZATLR,0.0471,0,Low
3096-JRDSO,0.6275,1,Medium
7824-PANSQ,0.2027,0,Low
8042-JVNFH,0.8716,1,High
9648-BCHKM,0.0405,0,Low
2888-ADFAO,0.0179,0,Low
8707-HOEDG,0.0913,0,Low
3374-LXDEV,0.5356,1,Medium
4072-IPYLT,0.1487,0,Low
7167-PCEYD,0.0103,0,Low
4936-YPJNK,0.2743,0,Low
1580-BMCMR,0.472,1,Medium
4817-KEQSP,0.0076,0,Low
6408-WHTEF,0.0084,0,Low
9251-AWQGT,0.0067,0,Low
8749-CLJXC,0.6441,1,Medium
7989-VCQOH,0.2478,0,Low
5049-GLYVG,0.6202,1,Medium
4199-QHJNM,0.0819,0,Low
8882-TLVRW,0.0206,0,Low
5883-GTGVD,0.8399,1,High
5135-GRQJV,0.0284,0,Low
2384-OVPSA,0.0388,0,Low
1371-WEPDS,0.1573,0,Low
3580-GICBM,0.06,0,Low
4817-QRJSX,0.7718,1,High
9730-DRTMJ,0.0788,0,Low
4686-UXDML,0.7323,1,High
3349-ANQNH,0.3994,0,Low
2398-YPMUR,0.7799,1,High
0932-YIXYU,0.0201,0,Low
7480-SPLEF,0.0054,0,Low
7636-XUHWW,0.3621,0,Low
1431-CYWMH,0.1195,0,Low
5937-EORGB,0.5959,1,Medium
6349-JDHQP,0.0181,0,Low
5539-HIVAK,0.1603,0,Low
5847-MXBEO,0.017,0,Low
9985-MWVIX,0.8727,1,High
4583-PARNH,0.477,1,Medium
1116-FRYVH,0.013,0,Low
1421-HCERK,0.2782,0,Low
9633-XQABV,0.7799,1,High
0716-BQNDX,0.1579,0,Low
1265-XTECC,0.3234,0,Low
1183-CANVH,0.0632,0,Low
1972-XMUWV,0.0566,0,Low
8679-LZBMD,0.2514,0,Low
3407-JMJQQ,0.1121,0,Low
6252-DFGTK,0.0462,0,Low
1539-LNKHM,0.2112,0,Low
8645-KOMJQ,0.0237,0,Low
0289-IVARM,0.229,0,Low
9761-XUJWD,0.3344,0,Low
4057-FKCZK,0.0823,0,Low
4291-TPNFG,0.0624,0,Low
6087-YPWHO,0.0287,0,Low
3090-QFUVD,0.5307,1,Medium
2237-ZFSMY,0.366,0,Low
1722-LDZJS,0.0182,0,Low
1818-ESQMW,0.4504,1,Medium
4871-JTKJF,0.8903,1,High
1415-YFWLT,0.9158,1,High
7401-RUBNK,0.3088,0,Low
0506-YLVKJ,0.0078,0,Low
8661-BOYNW,0.0213,0,Low
6711-VTNRE,0.5059,1,Medium
4815-GBTCD,0.6496,1,Medium
2805-AUFQN,0.03,0,Low
0980-PVMRC,0.3705,0,Low
7233-DRTRF,0.7472,1,High
3500-RMZLT,0.6602,1,Medium
3873-NFTGI,0.3558,0,Low
1162-ECVII,0.1219,0,Low
7048-GXDAY,0.4188,1,Medium
8571-ZCMCX,0.0346,0,Low
1169-WCVAK,0.3882,0,Low
4548-SDBKE,0.9052,1,High
8066-POXGX,0.7072,1,High
7129-CAKJW,0.4531,1,Medium
8695-ARGXZ,0.6701,1,Medium
3570-YUEKJ,0.3511,0,Low
4143-OOBWZ,0.8524,1,High
1555-HAPSU,0.0094,0,Low
1697-NVVGY,0.1927,0,Low
7854-EKTJL,0.4321,1,Medium
8464-EETCQ,0.1174,0,Low
2419-FSORS,0.1454,0,Low
8132-YPVBX,0.7319,1,High
9102-IAYHT,0.768,1,High
6754-LZUKA,0.0424,0,Low
3422-LYEPQ,0.8451,1,High
8099-MZPUJ,0.1462,0,Low
0787-LHDYT,0.2475,0,Low
2642-DTVCO,0.8733,1,High
0374-IOEGQ,0.4912,1,Medium
4361-JEIVL,0.7749,1,High
3197-NNYNB,0.2179,0,Low
3396-DKDEL,0.029,0,Low
1752-OZXFY,0.0425,0,Low
9066-QRSDU,0.0526,0,Low
9112-WSNPU,0.5211,1,Medium
9867-NNXLC,0.1942,0,Low
5321-NTRKC,0.047,0,Low
1363-TXLSL,0.91,1,High
9507-EXLTT,0.8575,1,High
3161-GETRM,0.4236,1,Medium
0402-OAMEN,0.007,0,Low
6933-VLYFX,0.1307,0,Low
6754-WKSHP,0.0326,0,Low
9846-GKXAS,0.8267,1,High
6017-PPLPX,0.7043,1,High
4976-LNFVV,0.3621,0,Low
5055-MGMGF,0.3404,0,Low
4641-FROLU,0.0069,0,Low
2862-JVEOY,0.0299,0,Low
2969-QWUBZ,0.5555,1,Medium
9822-BIIGN,0.1827,0,Low
2077-MPJQO,0.8618,1,High
1534-OULXE,0.0318,0,Low
7136-RVDTZ,0.392,0,Low
2971-SGAFL,0.493,1,Medium
1480-IVEVR,0.1139,0,Low
2905-KFQUV,0.7117,1,High
4581-SSPWD,0.9219,1,High
3370-HXOPH,0.7039,1,High
9391-YZEJW,0.3218,0,Low
9958-MEKUC,0.0349,0,Low
0281-CNTZX,0.005,0,Low
6927-WTFIV,0.4994,1,Medium
4118-CEVPF,0.1872,0,Low
3398-ZOUAA,0.7049,1,High
9114-VEPUF,0.198,0,Low
7876-BEUTG,0.4418,1,Medium
2338-BQEZT,0.2195,0,Low
9873-MNDKV,0.4993,1,Medium
0378-NHQXU,0.7564,1,High
8241-JUIQO,0.0574,0,Low
2194-IIQOF,0.0066,0,Low
4512-ZUIYL,0.7333,1,High
9631-RXVJM,0.0195,0,Low
9584-EXCDZ,0.433,1,Medium
7969-AULMZ,0.8486,1,High
5093-FEGLU,0.0092,0,Low
2621-UDNLU,0.3365,0,Low
7526-IVLYU,0.2925,0,Low
2428-HYUNX,0.0234,0,Low
9214-EKVXR,0.6024,1,Medium
3410-MHHUM,0.2478,0,Low
0568-ONFPC,0.4452,1,Medium
0733-VUNUW,0.2503,0,Low
4550-EVXNY,0.8422,1,High
2122-YWVYA,0.5677,1,Medium
2968-SSGAA,0.9225,1,High
2296-DKZFP,0.0112,0,Low
4844-JJWUY,0.8759,1,High
6777-TGHTM,0.3066,0,Low
8909-BOLNL,0.1336,0,Low
6603-YRDCJ,0.0257,0,Low
3538-WZPHD,0.765,1,High
3229-USWAR,0.1181,0,Low
2138-VFAPZ,0.0256,0,Low
6131-JLWZM,0.2001,0,Low
4785-QRJHC,0.1615,0,Low
0269-XFESX,0.0239,0,Low
1709-EJDOX,0.009,0,Low
4316-XCSLJ,0.221,0,Low
8610-WFCJF,0.727,1,High
9693-XMUOB,0.561,1,Medium
0383-CLDDA,0.0256,0,Low
4905-JEFDW,0.3195,0,Low
2709-UQGNP,0.3122,0,Low
3549-ZTMNH,0.0697,0,Low
7881-INRLC,0.6415,1,Medium
8033-ATFAS,0.2548,0,Low
1635-NZATJ,0.0063,0,Low
0562-HKHML,0.0168,0,Low
8277-RVRSV,0.0226,0,Low
9943-VSZUV,0.3629,0,Low
0117-LFRMW,0.4268,1,Medium
6172-FECYY,0.6372,1,Medium
7054-ENNGU,0.3617,0,Low
1455-HFBXA,0.0442,0,Low
9402-CXWPL,0.2773,0,Low
1628-BIZYP,0.9168,1,High
1965-AKTSX,0.8531,1,High
0082-LDZUE,0.6381,1,Medium
4786-UKSNZ,0.689,1,Medium
5343-SGUBI,0.131,0,Low
0856-NAOES,0.4077,1,Medium
1976-AZZPJ,0.2333,0,Low
7248-VZQLC,0.4903,1,Medium
6156-UZDLF,0.1525,0,Low
3099-OONVS,0.22,0,Low
9500-WBGRP,0.0176,0,Low
5183-KLYEM,0.0777,0,Low
5144-PQCDZ,0.3499,0,Low
8514-VZHEB,0.0271,0,Low
6625-IUTTT,0.0349,0,Low
9355-NPPFS,0.6788,1,Medium
0068-FIGTF,0.1245,0,Low
5965-GGPRW,0.1194,0,Low
8035-PWSEV,0.6027,1,Medium
2236-HILPA,0.0059,0,Low
1840-BIUOG,0.2153,0,Low
1356-MKYSK,0.2097,0,Low
6080-LNESI,0.0341,0,Low
1830-IPXVJ,0.0162,0,Low
5828-DWPIL,0.2714,0,Low
8398-TBIYD,0.048,0,Low
0011-IGKFF,0.8376,1,High
4192-GORJT,0.9021,1,High
6496-SLWHQ,0.8922,1,High
9912-GVSEQ,0.7623,1,High
2931-FSOHN,0.4386,1,Medium
9418-RUKPH,0.0161,0,Low
5383-MMTWC,0.8718,1,High
9971-ZWPBF,0.4414,1,Medium
4712-AUQZO,0.2391,0,Low
9711-FJTBX,0.1096,0,Low
2908-ZTPNF,0.2039,0,Low
7240-ETPTR,0.7278,1,High
2202-CUYXZ,0.9207,1,High
5995-OIGLP,0.3761,0,Low
8421-WZOOW,0.1939,0,Low
6261-RCVNS,0.2182,0,Low
7951-QKZPL,0.1809,0,Low
1414-YADCW,0.0797,0,Low
8756-RDDLT,0.2176,0,Low
2862-PFNIK,0.6959,1,Medium
5816-QVHRX,0.3319,0,Low
4430-YHXGG,0.3388,0,Low
6888-SBYAI,0.5238,1,Medium
7395-XWZOY,0.2388,0,Low
7169-YWAMK,0.0165,0,Low
3640-PHQXK,0.7491,1,High
6877-LGWXO,0.6169,1,Medium
6859-RKMZJ,0.3294,0,Low
2729-VNVAP,0.0058,0,Low
2957-JIRMN,0.2687,0,Low
2049-BAFNW,0.4701,1,Medium
3842-QTGDL,0.2996,0,Low
7163-OCEQI,0.2267,0,Low
9782-LGXMC,0.1074,0,Low
5975-BAICR,0.1133,0,Low
8019-ENHXU,0.6447,1,Medium
5167-GBFRE,0.574,1,Medium
9033-EOXWV,0.1791,0,Low
4673-KKSLS,0.2804,0,Low
4853-OITSN,0.5679,1,Medium
9800-OUIGR,0.0015,0,Low
1324-NLTJE,0.4271,1,Medium
2324-EFHVG,0.1979,0,Low
7094-MSZAO,0.1844,0,Low
1522-VVDMG,0.6566,1,Medium
6907-CQGPN,0.2046,0,Low
0780-XNZFN,0.0548,0,Low
0239-OXEXL,0.2345,0,Low
2675-IJRGJ,0.046,0,Low
7049-GKVZY,0.1568,0,Low
8577-QSOCG,0.026,0,Low
3721-CNZHX,0.0227,0,Low
0212-ISBBF,0.4734,1,Medium
9185-TQCVP,0.828,1,High
3585-YNADK,0.064,0,Low
5271-DBYSJ,0.6135,1,Medium
1099-GODLO,0.1112,0,Low
6828-HMKWP,0.0229,0,Low
5567-WSELE,0.932,1,High
1472-TNCWL,0.5769,1,Medium
8063-RJYNF,0.7275,1,High
0687-ZVTHB,0.2815,0,Low
2080-GKCWQ,0.5443,1,Medium
9661-ACXBS,0.5648,1,Medium
2193-SFWQW,0.0291,0,Low
5656-JAMLX,0.005,0,Low
3462-BJQQA,0.9086,1,High
0442-TDYUO,0.0617,0,Low
6733-LRIZX,0.3964,0,Low
9503-XJUME,0.0119,0,Low
4367-NHWMM,0.6934,1,Medium
3727-RJMEO,0.929,1,High
3779-OSWCF,0.0182,0,Low
6736-DHUQI,0.0553,0,Low
3915-ODIYG,0.1102,0,Low
1360-RCYRT,0.1784,0,Low
2724-FJDYW,0.1563,0,Low
4451-RWASJ,0.07,0,Low
6646-VRFOL,0.7956,1,High
3460-TJBWI,0.0464,0,Low
5917-HBSDW,0.1353,0,Low
5685-IIXLY,0.8404,1,High
5671-UUNXD,0.4261,1,Medium
0956-ACVZC,0.2558,0,Low
2325-NBPZG,0.7195,1,High
4250-ZBWLV,0.4605,1,Medium
4482-FTFFX,0.4118,1,Medium
8859-DZTGQ,0.0584,0,Low
0440-MOGPM,0.2001,0,Low
0020-JDNXP,0.1001,0,Low
3752-CQSJI,0.2142,0,Low
5025-GOOKI,0.2485,0,Low
4698-KVLLG,0.0148,0,Low
5095-AESKG,0.8303,1,High
2887-JPYLU,0.209,0,Low
4770-QAZXN,0.2107,0,Low
4896-CPRPF,0.011,0,Low
1871-MOWRM,0.5099,1,Medium
9714-EDSUC,0.5228,1,Medium
2027-OAQQC,0.508,1,Medium
0282-NVSJS,0.2585,0,Low
9090-SGQXL,0.7386,1,High
6595-YGXIT,0.7889,1,High
7353-YOWFP,0.0542,0,Low
9835-ZIITK,0.5061,1,Medium
8008-ESFLK,0.2879,0,Low
7537-CBQUZ,0.3048,0,Low
1555-DJEQW,0.26,0,Low
5649-TJHOV,0.5804,1,Medium
0519-XUZJU,0.8226,1,High
3363-EWLGO,0.3258,0,Low
4750-UKWJK,0.0294,0,Low
6338-AVWCY,0.5813,1,Medium
1689-YQBYY,0.746,1,High
4487-ZYJZK,0.0299,0,Low
2959-FENLU,0.6665,1,Medium
0708-LGSMF,0.3603,0,Low
9253-QXKBE,0.8332,1,High
7634-HLQJR,0.0122,0,Low
0487-RPVUM,0.2029,0,Low
4079-ULGFR,0.244,0,Low
2516-XSJKX,0.0682,0,Low
0057-QBUQH,0.0681,0,Low
9445-SZLCH,0.5685,1,Medium
6599-SFQVE,0.6481,1,Medium
8331-ZXFOE,0.0433,0,Low
4003-FUSHP,0.2813,0,Low
0356-ERHVT,0.3398,0,Low
7325-ENZFI,0.0498,0,Low
4884-ZTHVF,0.8179,1,High
3920-HIHMQ,0.2909,0,Low
3055-OYMSE,0.4439,1,Medium
0613-WUXUM,0.0262,0,Low
7568-PODML,0.7623,1,High
4458-KVRBJ,0.0276,0,Low
5349-IECLD,0.8055,1,High
1397-XKKWR,0.0982,0,Low
3945-GFWQL,0.5769,1,Medium
8097-OMULG,0.0809,0,Low
6013-BHCAW,0.0379,0,Low
0401-WDBXM,0.0779,0,Low
3387-PLKUI,0.1206,0,Low
6096-EGVTU,0.0439,0,Low
3797-VTIDR,0.8363,1,High
5081-NWSUP,0.1894,0,Low
2580-ATZSQ,0.0806,0,Low
8085-MSNLK,0.0901,0,Low
9691-HKOVS,0.1152,0,Low
9881-VCZEP,0.2147,0,Low
9526-BIHHD,0.5238,1,Medium
8757-TFHHJ,0.4503,1,Medium
4523-WXCEF,0.4879,1,Medium
1468-DEFNC,0.0074,0,Low
5119-KEPFY,0.5741,1,Medium
8364-TRMMK,0.698,1,Medium
0916-KNFAJ,0.0471,0,Low
8319-QBEHW,0.1579,0,Low
3063-QFSZL,0.7409,1,High
8775-LHDJH,0.9247,1,High
9625-QNLUX,0.1438,0,Low
3097-NQYSN,0.8559,1,High
4024-CSNBY,0.0458,0,Low
7110-BDTWG,0.1644,0,Low
7493-GVFIO,0.0123,0,Low
0690-SRQID,0.3518,0,Low
9605-WGJVW,0.8524,1,High
9114-DPSIA,0.0135,0,Low
4700-UBQMV,0.174,0,Low
7711-GQBZC,0.0071,0,Low
3565-UNOCC,0.6964,1,Medium
4627-MIHJH,0.1639,0,Low
9795-NREXC,0.0146,0,Low
8573-CGOCC,0.1849,0,Low
7356-AYNJP,0.1834,0,Low
9249-FXSCK,0.3881,0,Low
5493-SDRDQ,0.579,1,Medium
6286-SUUWT,0.4879,1,Medium
4819-HJPIW,0.2736,0,Low
8654-DHAOW,0.4607,1,Medium
5438-QMDDL,0.3629,0,Low
9812-GHVRI,0.3467,0,Low
5553-AOINX,0.3054,0,Low
1228-ZLNBX,0.3969,0,Low
4226-KKDON,0.3501,0,Low
3831-YCPUO,0.0206,0,Low
7445-WMRBW,0.0821,0,Low
3308-DGHKL,0.0107,0,Low
9924-JPRMC,0.0825,0,Low
0080-EMYVY,0.1196,0,Low
6218-KNUBD,0.3871,0,Low
7337-CINUD,0.0793,0,Low
7609-NRNCA,0.0175,0,Low
0623-EJQEG,0.1753,0,Low
7153-CHRBV,0.032,0,Low
0871-URUWO,0.7333,1,High
9190-MFJLN,0.6321,1,Medium
6198-PNNSZ,0.2312,0,Low
3317-VLGQT,0.7524,1,High
4132-POCZS,0.2847,0,Low
5614-DNZCE,0.0351,0,Low
1095-JUDTC,0.6383,1,Medium
3896-RCYYE,0.2193,0,Low
9638-JIQYA,0.7036,1,High
3258-SANFR,0.4254,1,Medium
3726-TBHQT,0.0503,0,Low
3190-ITQXP,0.0049,0,Low
0870-VEMYL,0.3208,0,Low
4833-QTJNO,0.1735,0,Low
3039-MJSLN,0.2381,0,Low
0178-CIIKR,0.4153,1,Medium
5385-SUIRI,0.5877,1,Medium
3982-XWFZQ,0.3906,0,Low
5774-QPLTF,0.0172,0,Low
2322-VCZHZ,0.4682,1,Medium
5010-IPEAQ,0.0163,0,Low
4009-ALQFH,0.7671,1,High
6383-ZTSIW,0.2545,0,Low
8990-YOZLV,0.0138,0,Low
3069-SSVSN,0.32,0,Low
5222-IMUKT,0.4379,1,Medium
3627-FCRDW,0.7116,1,High
7562-GSUHK,0.6183,1,Medium
6685-XSHHU,0.0062,0,Low
8901-UPRHR,0.0824,0,Low
4903-UYAVB,0.3205,0,Low
0118-JPNOY,0.4549,1,Medium
6776-TLWOI,0.4576,1,Medium
3845-FXCYS,0.4694,1,Medium
5857-XRECV,0.1215,0,Low
0725-CXOTM,0.1024,0,Low
4343-EJVQB,0.3817,0,Low
9000-PLFUZ,0.1131,0,Low
3427-GGZZI,0.7778,1,High
7779-ORAEL,0.0481,0,Low
0644-OQMDK,0.833,1,High
4077-CROMM,0.686,1,Medium
3154-CFSZG,0.3436,0,Low
2868-MZAGQ,0.9252,1,High
4847-QNOKA,0.6996,1,Medium
2220-IAHLS,0.3523,0,Low
1658-XUHBX,0.3931,0,Low
6379-RXJRQ,0.8484,1,High
2378-HTWFW,0.3536,0,Low
8650-RHRKE,0.7843,1,High
4377-VDHYI,0.2313,0,Low
0475-RIJEP,0.7319,1,High
1260-TTRXI,0.7118,1,High
3719-TDVQB,0.0373,0,Low
6328-ZPBGN,0.8481,1,High
0201-MIBOL,0.1729,0,Low
4937-QPZPO,0.443,1,Medium
2925-VDZHY,0.0084,0,Low
6981-TDRFT,0.1645,0,Low
3413-CSSTH,0.2435,0,Low
8033-VCZGH,0.5063,1,Medium
4789-KWMXN,0.3536,0,Low
0224-NIJLP,0.0117,0,Low
7542-CYDDM,0.1739,0,Low
4718-WXBGI,0.0019,0,Low
2867-UIMSS,0.8738,1,High
8495-PRWFH,0.2388,0,Low
0439-IFYUN,0.7229,1,High
5716-LIBJC,0.3515,0,Low
2868-LLSKM,0.0552,0,Low
8111-RKSPX,0.8413,1,High
2988-QRAJY,0.1299,0,Low
1585-MQSSU,0.4141,1,Medium
0071-NDAFP,0.0152,0,Low
2856-NNASM,0.5667,1,Medium
7328-ZJAJO,0.0115,0,Low
6458-CYIDZ,0.4132,1,Medium
8559-CIZFV,0.2746,0,Low
1090-PYKCI,0.0835,0,Low
3058-WQDRE,0.3865,0,Low
7547-EKNFS,0.5761,1,Medium
2279-AXJJK,0.3061,0,Low
6769-DYBQN,0.4335,1,Medium
0909-SELIE,0.0791,0,Low
3417-TSCIC,0.1442,0,Low
1042-HFUCW,0.1439,0,Low
4439-JMPMT,0.754,1,High
6537-OTKMY,0.3087,0,Low
8999-EXMNO,0.0104,0,Low
6725-TPKJO,0.0064,0,Low
2446-BEGGB,0.9256,1,High
7162-WPHPM,0.0205,0,Low
1599-MMYRQ,0.0821,0,Low
8821-KVZKQ,0.1542,0,Low
1496-GGSUK,0.7902,1,High
6434-TTGJP,0.0718,0,Low
0042-JVWOJ,0.0211,0,Low
0130-SXOUN,0.3347,0,Low
2575-GFSOE,0.8447,1,High
2330-PQGDQ,0.0792,0,Low
1452-UZOSF,0.0303,0,Low
2097-YVPKN,0.0094,0,Low
2842-JTCCU,0.6807,1,Medium
8597-CTXVJ,0.0337,0,Low
6631-HMANX,0.0258,0,Low
9962-BFPDU,0.4988,1,Medium
3296-SILRA,0.8126,1,High
9681-OXGVC,0.9225,1,High
6394-HHHZM,0.3691,0,Low
5995-LFTLE,0.0198,0,Low
5180-UCIIQ,0.4627,1,Medium
1932-UEDCX,0.6463,1,Medium
7153-OANIO,0.8284,1,High
5188-HGMLP,0.3051,0,Low
0665-XHDJU,0.2363,0,Low
6521-YYTYI,0.8975,1,High
8878-HMWBV,0.8142,1,High
8265-HKSOW,0.0378,0,Low
3544-FBCAS,0.0391,0,Low
5331-RGMTT,0.5813,1,Medium
4759-PXTAN,0.143,0,Low
7054-DMVAS,0.0372,0,Low
3428-MMGUB,0.2392,0,Low
6549-BTYPG,0.0155,0,Low
7823-JSOAG,0.708,1,High
3705-RHRFR,0.079,0,Low
9374-YOLBJ,0.4092,1,Medium
9074-KGVOX,0.1469,0,Low
6128-DAFVY,0.386,0,Low
9933-QRGTX,0.1027,0,Low
4476-OSWTN,0.2141,0,Low
3751-KTZEL,0.6761,1,Medium
1977-STDKI,0.9065,1,High
5066-GFJMM,0.3173,0,Low
2661-GKBTK,0.0602,0,Low
0458-HEUZG,0.0777,0,Low
7268-WNTCP,0.0058,0,Low
0824-VWDPO,0.1103,0,Low
8409-WQJUX,0.1373,0,Low
2578-JQPHZ,0.0756,0,Low
3278-FSIXX,0.7582,1,High
5813-UECBU,0.521,1,Medium
0328-GRPMV,0.9154,1,High
9746-UGFAC,0.0337,0,Low
2946-KIQSP,0.2273,0,Low
0625-AFOHS,0.0159,0,Low
6726-WEXXK,0.2708,0,Low
4636-OLWOE,0.052,0,Low
4342-HENTK,0.8925,1,High
4685-ERGHK,0.2944,0,Low
0885-HMGPY,0.0098,0,Low
5003-OKNNK,0.0328,0,Low
4195-SMMNX,0.5723,1,Medium
7208-PSIHR,0.1562,0,Low
4012-ZTHBR,0.3246,0,Low
0489-WMEMG,0.1324,0,Low
7435-ZNUYY,0.0567,0,Low
1354-YZFNB,0.0464,0,Low
6956-SMUCM,0.8158,1,High
2985-FMWYF,0.8247,1,High
2812-ENYMO,0.0962,0,Low
2717-HVIZY,0.202,0,Low
3223-WZWJM,0.8331,1,High
3422-GALYP,0.8148,1,High
9053-JZFKV,0.2198,0,Low
2530-ENDWQ,0.2739,0,Low
2890-WFBHU,0.118,0,Low
0327-WFZSY,0.3375,0,Low
7977-HXJKU,0.0689,0,Low
6615-ZGEDR,0.6637,1,Medium
7033-CLAMM,0.0079,0,Low
4023-RTIQM,0.1405,0,Low
0864-FVJNJ,0.1829,0,Low
7356-IWLFW,0.4076,1,Medium
9541-PWTWO,0.035,0,Low
3967-VQOGC,0.0178,0,Low
7872-RDDLZ,0.2668,0,Low
9250-WYPLL,0.7562,1,High
6308-CQRBU,0.152,0,Low
2754-XBHTB,0.7609,1,High
1597-LHYNC,0.5934,1,Medium
0186-CAERR,0.3333,0,Low
3043-SUDUA,0.2798,0,Low
5442-BHQNG,0.7464,1,High
2169-RRLFW,0.0219,0,Low
5872-OEQNH,0.1477,0,Low
3162-KKZXO,0.4673,1,Medium
7055-VKGDA,0.4243,1,Medium
0754-UKWQP,0.8952,1,High
8873-GLDMH,0.7834,1,High
5696-JVVQY,0.0647,0,Low
8946-BFWSG,0.0018,0,Low
7493-TPUWZ,0.9274,1,High
0547-HURJB,0.1814,0,Low
8904-OPDCK,0.2577,0,Low
8845-LWKGE,0.1072,0,Low
1577-HKTFG,0.2681,0,Low
8752-STIVR,0.8651,1,High
0691-NIKRI,0.3457,0,Low
5022-JNQEQ,0.6836,1,Medium
4558-FANTW,0.6326,1,Medium
3249-VHRIP,0.0985,0,Low
3736-BLEPA,0.1255,0,Low
4701-LKOZD,0.0256,0,Low
6603-QWSPR,0.1001,0,Low
9921-QFQUL,0.3778,0,Low
1929-ZCBHE,0.1332,0,Low
4378-MYPGO,0.0949,0,Low
8651-ENBZX,0.5771,1,Medium
4129-LYCOI,0.1054,0,Low
7798-JVXYM,0.4843,1,Medium
8647-SDTWQ,0.5189,1,Medium
2696-ECXKC,0.1804,0,Low
2081-KJSQF,0.4359,1,Medium
7623-TRNQN,0.4272,1,Medium
3323-CPBWR,0.4123,1,Medium
9330-IJWIO,0.8264,1,High
3384-CTMSF,0.7841,1,High
0902-RFHOF,0.0284,0,Low
9286-DOJGF,0.4943,1,Medium
6048-QBXKL,0.6527,1,Medium
9661-MHUMO,0.4961,1,Medium
7718-RXDGG,0.4265,1,Medium
1025-FALIX,0.4975,1,Medium
3451-VAWLI,0.0134,0,Low
3407-QGWLG,0.2896,0,Low
1842-EZJMK,0.468,1,Medium
2347-WKKAE,0.4374,1,Medium
8735-DCXNF,0.2271,0,Low
3214-IYUUQ,0.1588,0,Low
1936-UAFEH,0.1084,0,Low
3587-PMCOY,0.4242,1,Medium
8079-XRJRS,0.3874,0,Low
1027-LKKQQ,0.0084,0,Low
7148-XZPHA,0.2627,0,Low
8073-IJDCM,0.6036,1,Medium
5309-TAIKL,0.2772,0,Low
6856-RAURS,0.8565,1,High
8778-LMWTJ,0.7241,1,High
9717-IOAAF,0.0506,0,Low
8884-ADFVN,0.899,1,High
2845-KDHVX,0.0376,0,Low
0848-SOMKO,0.0184,0,Low
2720-WGKHP,0.9382,1,High
6734-FQAJX,0.1506,0,Low
2869-ADAWR,0.5685,1,Medium
1535-VTJOQ,0.0487,0,Low
6368-TZZDT,0.0295,0,Low
0943-ZQPXH,0.4763,1,Medium
1293-BSEUN,0.0087,0,Low
9894-EZEWG,0.8126,1,High
1302-TPUBN,0.0188,0,Low
7851-FLGGQ,0.5015,1,Medium
0637-UBJRP,0.576,1,Medium
0940-OUQEC,0.7784,1,High
2378-VTKDH,0.7468,1,High
0927-CNGRH,0.3464,0,Low
8608-OZTLB,0.1354,0,Low
2335-GSODA,0.0539,0,Low
1952-DVVSW,0.0647,0,Low
0702-PGIBZ,0.8496,1,High
6656-GULJQ,0.0617,0,Low
9853-JFZDU,0.2095,0,Low
1963-VAUKV,0.4583,1,Medium
3777-XROBG,0.007,0,Low
6994-FGRHH,0.2148,0,Low
4000-VGMQP,0.1694,0,Low
3999-WRNGR,0.3898,0,Low
3466-RITXD,0.4968,1,Medium
2680-XKKNJ,0.1207,0,Low
3058-HJCUY,0.5814,1,Medium
2974-GGUXS,0.5407,1,Medium
7994-XIRTR,0.1043,0,Low
3259-FDWOY,0.4036,1,Medium
2101-RANCD,0.6489,1,Medium
7921-BEPCI,0.0205,0,Low
0807-ZABDG,0.472,1,Medium
8510-TMWYB,0.0257,0,Low
3258-ZKPAI,0.0623,0,Low
1428-IEDPR,0.2239,0,Low
5298-GSTLM,0.2325,0,Low
4450-YOOHP,0.4041,1,Medium
6728-CZFEI,0.1711,0,Low
5748-RNCJT,0.3183,0,Low
3653-NCRDJ,0.0388,0,Low
6121-TNHBO,0.0571,0,Low
5119-NZPTV,0.7231,1,High
6519-ZHPXP,0.0993,0,Low
7739-LAXOG,0.5658,1,Medium
3472-QPRCH,0.0225,0,Low
8224-UAXBZ,0.156,0,Low
9610-WCESF,0.125,0,Low
9776-CLUJA,0.5893,1,Medium
2486-WYVVE,0.2236,0,Low
3865-ZYKAD,0.279,0,Low
1422-DGUBX,0.2864,0,Low
2999-AANRQ,0.071,0,Low
8668-KNZTI,0.107,0,Low
0480-KYJVA,0.016,0,Low
6034-ZRYCV,0.3639,0,Low
9746-YKGXB,0.0815,0,Low
3926-YZVVX,0.0735,0,Low
6000-UKLWI,0.0081,0,Low
2079-FBMZK,0.7984,1,High
6332-FBZRI,0.0706,0,Low
2096-XOTMO,0.1771,0,Low
3266-FTKHB,0.0362,0,Low
8221-EQDGL,0.1704,0,Low
2346-LOCWC,0.0126,0,Low
6608-QQLVK,0.8038,1,High
0298-XACET,0.0429,0,Low
7560-QJAVJ,0.0224,0,Low
2995-YWTCD,0.0871,0,Low
3551-HUAZH,0.8451,1,High
9137-UIYPG,0.3021,0,Low
2809-ZMYOQ,0.7405,1,High
5084-OOVCJ,0.1799,0,Low
0254-WWRKD,0.0618,0,Low
7727-SHVZV,0.2922,0,Low
6302-JGYRJ,0.3394,0,Low
5339-PXDVH,0.5244,1,Medium
2205-LPVGL,0.0954,0,Low
8782-NUUOL,0.0963,0,Low
3685-YLCMQ,0.6894,1,Medium
7601-WFVZV,0.4237,1,Medium
4609-KNNWG,0.0124,0,Low
4868-AADLV,0.1731,0,Low
9529-OFXHY,0.446,1,Medium
8634-MPHTR,0.8349,1,High
2669-QVCRG,0.3972,0,Low
2478-EEWWM,0.585,1,Medium
9174-IHETN,0.0906,0,Low
2233-TXSIU,0.1167,0,Low
9644-UMGQA,0.4275,1,Medium
3256-EZDBI,0.3018,0,Low
8761-NSOBC,0.4887,1,Medium
0419-YAAPX,0.4067,1,Medium
8413-VONUO,0.6735,1,Medium
0872-CASZJ,0.0967,0,Low
4726-DLWQN,0.1786,0,Low
8164-OCKUJ,0.0149,0,Low
3094-JOJAI,0.3735,0,Low
9494-MRNYX,0.6301,1,Medium
2599-CZABP,0.1793,0,Low
7945-PRBVF,0.0243,0,Low
4544-RXFMG,0.1905,0,Low
0859-YGKFW,0.0415,0,Low
1150-FTQGN,0.0903,0,Low
9223-UCPVT,0.8524,1,High
7196-LIWRH,0.0495,0,Low
5448-VWNAM,0.1984,0,Low
1177-XZBJL,0.0346,0,Low
3518-FSTWG,0.115,0,Low
9330-VOFSZ,0.0983,0,Low
4351-QLCSU,0.7413,1,High
0939-EREMR,0.2643,0,Low
9389-ACWBI,0.5915,1,Medium
5419-JPRRN,0.915,1,High
3644-QXEHN,0.6556,1,Medium
2911-IJORQ,0.1027,0,Low
5921-NGYRH,0.2578,0,Low
2100-BDNSN,0.4542,1,Medium
5998-DZLYR,0.1011,0,Low
0488-GSLFR,0.9082,1,High
9318-NKNFC,0.621,1,Medium
3985-HOYPM,0.0273,0,Low
9728-FTTVZ,0.9144,1,High
9548-LERKT,0.0111,0,Low
6576-FBXOJ,0.191,0,Low
4310-KEDTB,0.3359,0,Low
7254-IQWOZ,0.9205,1,High
2474-BRUCM,0.5983,1,Medium
4062-HBMOS,0.7579,1,High
0742-NXBGR,0.914,1,High
2676-ISHSF,0.5663,1,Medium
9236-NDUCW,0.0597,0,Low
4753-PADAS,0.2268,0,Low
6103-QCKFX,0.1054,0,Low
7781-EWARA,0.1106,0,Low
6110-OHIHY,0.752,1,High
7018-FPXHH,0.0141,0,Low
5889-LFOLL,0.8581,1,High
5708-EVONK,0.3765,0,Low
8708-XPXHZ,0.7513,1,High
0616-ATFGB,0.7083,1,High
0572-ZJKLT,0.0591,0,Low
5135-RDDQL,0.0237,0,Low
1353-LJWEM,0.3171,0,Low
1794-SWWKL,0.1975,0,Low
6166-YIPFO,0.074,0,Low
7016-BPGEU,0.4582,1,Medium
6876-ADESB,0.7189,1,High
9332-GYWLO,0.4595,1,Medium
1963-SVUCV,0.7307,1,High
4184-VODJZ,0.2712,0,Low
0220-EBGCE,0.8987,1,High
1092-WPIVQ,0.0214,0,Low
7233-IOQNP,0.2185,0,Low
2834-JKOOW,0.0964,0,Low
2754-VDLTR,0.7232,1,High
2400-FEQME,0.0044,0,Low
3190-XFANI,0.444,1,Medium
7551-DACSP,0.4763,1,Medium
4957-SREEC,0.0029,0,Low
7235-NXZCP,0.7619,1,High
0230-UBYPQ,0.0554,0,Low
4923-ADWXJ,0.191,0,Low
1763-KUAAW,0.0516,0,Low
1104-TNLZA,0.5316,1,Medium
5195-KPUNQ,0.2038,0,Low
0520-FDVVT,0.3776,0,Low
3439-GVUSX,0.5857,1,Medium
1444-VVSGW,0.2803,0,Low
5712-PTIWW,0.7555,1,High
5949-HGVJL,0.3098,0,Low
5203-XEHAX,0.0867,0,Low
1635-HDGFT,0.0353,0,Low
3315-TOTBP,0.6366,1,Medium
8050-XGRVL,0.0369,0,Low
6661-HBGWL,0.6444,1,Medium
1518-VOWAV,0.5733,1,Medium
9828-QHFBK,0.3201,0,Low
3908-MKIMJ,0.1102,0,Low
5012-YSPJJ,0.1287,0,Low
5909-ECHUI,0.8073,1,High
1309-BXVOQ,0.7575,1,High
6728-VOIFY,0.3787,0,Low
9317-WZPGV,0.8478,1,High
4891-NLUBA,0.0185,0,Low
2856-HYAPG,0.8049,1,High
8969-PRHFK,0.0233,0,Low
0661-KQHNK,0.0899,0,Low
8709-KRDVL,0.81,1,High
4488-PSYCG,0.4112,1,Medium
1427-VERSM,0.3262,0,Low
9801-NOSHQ,0.0137,0,Low
6339-YPSAH,0.8489,1,High
3621-CEOVK,0.8498,1,High
6906-ANDWJ,0.7226,1,High
2159-TURXX,0.2944,0,Low
1548-FEHVL,0.3266,0,Low
3795-CAWEX,0.0587,0,Low
6215-NQCPY,0.6346,1,Medium
5647-URDKA,0.0224,0,Low
2229-DPMBI,0.0119,0,Low
9626-WEQRM,0.5004,1,Medium
2188-SXWVT,0.0552,0,Low
6258-PVZWJ,0.0144,0,Low
1094-BKOSX,0.1056,0,Low
6969-MVBAI,0.913,1,High
2978-XXSOG,0.1724,0,Low
2342-CKIAO,0.3733,0,Low
6953-PBDIN,0.0384,0,Low
3898-BSJYF,0.1658,0,Low
3938-YFPXD,0.0444,0,Low
7696-AMHOD,0.1208,0,Low
2453-SAFNS,0.0791,0,Low
9558-IHEZX,0.1089,0,Low
9617-UDPEU,0.0563,0,Low
6340-DACFT,0.0171,0,Low
4955-VCWBI,0.0448,0,Low
6813-GZQCG,0.011,0,Low
7426-GSWPO,0.2978,0,Low
3389-KTRXV,0.0185,0,Low
3118-UHVVQ,0.0071,0,Low
1031-IIDEO,0.9131,1,High
5832-XKAES,0.709,1,High
3205-MXZRA,0.1172,0,Low
4701-AHWMW,0.1903,0,Low
8317-BVKSO,0.2859,0,Low
5702-KVQRD,0.0712,0,Low
0083-PIVIK,0.1349,0,Low
9210-IAHGH,0.5225,1,Medium
6169-PGNCD,0.0183,0,Low
0023-XUOPT,0.5877,1,Medium
4592-IWTJI,0.4628,1,Medium
4909-JOUPP,0.0652,0,Low
4657-FWVFY,0.4627,1,Medium
2257-BOVXD,0.2784,0,Low
7729-JTEEC,0.6434,1,Medium
7632-MNYOY,0.4167,1,Medium
6518-LGAOV,0.6914,1,Medium
7242-QZLXF,0.7116,1,High
4576-CSAJH,0.2931,0,Low
1000-AJSLD,0.6657,1,Medium
9696-RMYBA,0.7914,1,High
8690-UPCZI,0.0491,0,Low
1062-LHZOD,0.752,1,High
9770-LXDBK,0.4264,1,Medium
4086-WITJG,0.0032,0,Low
8344-WFMFH,0.4753,1,Medium
9600-NAXZN,0.7948,1,High
8822-KNBHV,0.0782,0,Low
8404-FYDIB,0.3813,0,Low
2791-SFVEW,0.3352,0,Low
6457-USBER,0.9067,1,High
6762-NSODU,0.0111,0,Low
4662-EKDPQ,0.5809,1,Medium
9248-OJYKK,0.9361,1,High
9888-ZCUMM,0.0467,0,Low
3398-FSHON,0.8511,1,High
3319-DWOEP,0.8984,1,High
1074-WVEVG,0.0318,0,Low
9979-RGMZT,0.4367,1,Medium
6437-UDQJM,0.0381,0,Low
1226-IENZN,0.7498,1,High
2108-GLPQB,0.1422,0,Low
9259-PACGQ,0.304,0,Low
4415-IJZTP,0.9293,1,High
1465-VINDH,0.7317,1,High
5474-LAMUQ,0.02,0,Low
3468-DRVQJ,0.1465,0,Low
1122-YJBCS,0.0463,0,Low
4990-ALDGW,0.0277,0,Low
4816-OKWNX,0.1984,0,Low
3315-IKYZQ,0.0627,0,Low
2810-FTLEM,0.55,1,Medium
4747-LCAQL,0.137,0,Low
3411-WLRSQ,0.7409,1,High
0898-XCGTF,0.37,0,Low
8006-PYCSW,0.3761,0,Low
8249-THVEC,0.027,0,Low
8722-PRFDV,0.0348,0,Low
2164-SOQXL,0.1537,0,Low
4020-KIUDI,0.1669,0,Low
5850-BDWCY,0.3989,0,Low
2038-YSEZE,0.0941,0,Low
0827-ITJPH,0.0225,0,Low
8799-OXZMD,0.4,1,Medium
1925-TIBLE,0.9239,1,High
1705-GUHPV,0.0143,0,Low
4779-ZGICK,0.0122,0,Low
0048-PIHNL,0.0505,0,Low
0818-OCPZO,0.7157,1,High
3967-KXAPS,0.0169,0,Low
1447-GIQMR,0.9074,1,High
3704-IEAXF,0.0619,0,Low
6810-VCAEX,0.0489,0,Low
0674-EYYZV,0.7212,1,High
4480-MBMLB,0.2536,0,Low
1395-OFUWC,0.3062,0,Low
0822-QGCXA,0.2251,0,Low
0872-NXJYS,0.8693,1,High
2832-KJCRD,0.6954,1,Medium
3588-WSTTJ,0.42,1,Medium
4075-WKNIU,0.0926,0,Low
5090-EMGTC,0.0813,0,Low
2346-CZYIL,0.0186,0,Low
3798-EPWRR,0.6834,1,Medium
6258-NGCNG,0.3255,0,Low
4186-ZBUEW,0.1556,0,Low
5274-XHAKY,0.2681,0,Low
1442-BQPVU,0.3392,0,Low
3978-YNKDD,0.0194,0,Low
4940-KHCWD,0.025,0,Low
9412-ARGBX,0.111,0,Low
1389-CXMLU,0.7685,1,High
9589-ABEPT,0.1216,0,Low
9388-ZEYVT,0.1156,0,Low
0305-SQECB,0.0774,0,Low
7605-SNLQG,0.2514,0,Low
4670-TABXH,0.0666,0,Low
5561-NWEVX,0.7453,1,High
0064-SUDOG,0.0426,0,Low
8561-NMTBD,0.1625,0,Low
5161-XEUVX,0.1478,0,Low
8292-FRFZQ,0.0555,0,Low
8591-NXRCV,0.1229,0,Low
7895-VONWT,0.5432,1,Medium
4526-RMTLL,0.0874,0,Low
6253-GNHWH,0.0244,0,Low
4566-NECEV,0.6227,1,Medium
8080-POTJR,0.1068,0,Low
6906-MPARY,0.2596,0,Low
3662-FXJFO,0.0206,0,Low
8107-RZLNV,0.1902,0,Low
0516-OOHAR,0.2375,0,Low
2027-CWDNU,0.5597,1,Medium
2737-WFVYW,0.8428,1,High
9912-OMZDS,0.2669,0,Low
3733-ZEECP,0.2954,0,Low
7878-RTCZG,0.3478,0,Low
2452-MRMZF,0.015,0,Low
2272-QAGFO,0.7097,1,High
7103-IPXPJ,0.3559,0,Low
4342-HFXWS,0.0431,0,Low
3545-CNWRG,0.6358,1,Medium
1785-BPHTP,0.4795,1,Medium
4989-LIXVT,0.6471,1,Medium
7315-WYOAW,0.5769,1,Medium
1173-XZPYF,0.8075,1,High
9850-OWRHQ,0.8514,1,High
3768-NLUBH,0.5824,1,Medium
8676-TRMJS,0.7272,1,High
2509-TFPJU,0.0026,0,Low
9530-GRMJG,0.1025,0,Low
6898-RBTLU,0.0565,0,Low
5481-NTDOH,0.1885,0,Low
2068-WWXQZ,0.0164,0,Low
7359-SSBJK,0.1786,0,Low
2061-VVFST,0.2164,0,Low
0685-MLYYM,0.7819,1,High
0749-IRGQE,0.5625,1,Medium
2380-DAMQP,0.0696,0,Low
2256-YLYLP,0.0986,0,Low
1272-ILHFG,0.0186,0,Low
0164-XAIRP,0.0288,0,Low
5666-CYCYZ,0.6283,1,Medium
4011-ARPHK,0.1862,0,Low
8182-PNAGI,0.3878,0,Low
6365-HITVU,0.0165,0,Low
7558-IMLMT,0.0136,0,Low
9488-FYQAU,0.0876,0,Low
3590-TCXTB,0.5229,1,Medium
6994-KERXL,0.6941,1,Medium
7957-RYHQD,0.4056,1,Medium
2180-DXNEG,0.8436,1,High
1960-UOTYM,0.0854,0,Low
2740-JFBOK,0.3325,0,Low
6500-JVEGC,0.1013,0,Low
5515-AKOAJ,0.6531,1,Medium
8976-OQHGT,0.4347,1,Medium
5245-VDBUR,0.1007,0,Low
6230-BSUXY,0.8991,1,High
8469-SNFFH,0.0421,0,Low
2144-ESWKO,0.0959,0,Low
1241-FPMOF,0.01,0,Low
9928-BZVLZ,0.0619,0,Low
4114-QMKVN,0.0596,0,Low
2775-SEFEE,0.0565,0,Low
9003-CPATH,0.4429,1,Medium
1754-GKYPY,0.5402,1,Medium
5294-CDGWY,0.416,1,Medium
7956-XQWGU,0.1644,0,Low
1591-MQJTP,0.1755,0,Low
5295-PCJOO,0.6831,1,Medium
2369-FEVNO,0.5666,1,Medium
9863-JZAIC,0.3742,0,Low
7471-MQPOS,0.1849,0,Low
7660-HDPJV,0.8774,1,High
5115-SQAAU,0.006,0,Low
9845-QOMAD,0.0203,0,Low
7672-VFMXZ,0.1702,0,Low
9739-JLPQJ,0.0297,0,Low
9916-AYHTC,0.0135,0,Low
3855-ONCAR,0.6632,1,Medium
1488-SYSFC,0.2389,0,Low
7931-PXHFC,0.2797,0,Low
3990-QYKBE,0.8104,1,High
0970-QXPXW,0.5423,1,Medium
3259-KNMRR,0.1142,0,Low
6120-RJKLU,0.0339,0,Low
9572-WUKSB,0.5269,1,Medium
5893-KCLGT,0.0213,0,Low
0076-LVEPS,0.2005,0,Low
3640-JQGJG,0.1944,0,Low
4919-MOAVT,0.7254,1,High
1596-OQSPS,0.3739,0,Low
9867-XOBQA,0.0619,0,Low
9546-KDTRB,0.2093,0,Low
3090-HAWSU,0.4197,1,Medium
9820-RMCQV,0.3775,0,Low
3174-RKMOW,0.5654,1,Medium
1760-CAZHT,0.1091,0,Low
7839-QRKXN,0.678,1,Medium
8441-SHIPE,0.0096,0,Low
5204-QZXPU,0.73,1,High
4597-ELFTS,0.2251,0,Low
1320-GVNHT,0.0312,0,Low
1047-RNXZV,0.0073,0,Low
3541-ZNUHK,0.2557,0,Low
8450-JOVAH,0.3491,0,Low
8725-JEDFD,0.5126,1,Medium
7562-UXTPG,0.6392,1,Medium
8071-SBTRN,0.0919,0,Low
1113-IUJYX,0.4887,1,Medium
6668-CNMFP,0.2499,0,Low
5626-MGTUK,0.4602,1,Medium
5681-LLOEI,0.1021,0,Low
8212-DJRCH,0.63,1,Medium
4323-OHFOW,0.1848,0,Low
4933-BSAIP,0.0293,0,Low
2030-BTZRO,0.0481,0,Low
1116-DXXDF,0.2204,0,Low
9274-CNFMO,0.75,1,High
7758-XKCBS,0.5608,1,Medium
8992-JQYUN,0.7951,1,High
6563-VNPMN,0.2034,0,Low
0617-AQNWT,0.2045,0,Low
2267-WTPYD,0.2581,0,Low
0270-THENM,0.0244,0,Low
2446-PLQVO,0.9239,1,High
4707-MAXGU,0.0058,0,Low
2710-WYVXG,0.0997,0,Low
3005-NFMTA,0.5241,1,Medium
6300-BWMJX,0.293,0,Low
8784-CGILN,0.555,1,Medium
5389-FFVKB,0.5763,1,Medium
7009-LGECI,0.4024,1,Medium
8444-WRIDW,0.4741,1,Medium
5022-KVDQT,0.7567,1,High
7976-CICYS,0.2719,0,Low
1036-GUDCL,0.1395,0,Low
2005-DWQZJ,0.0281,0,Low
8148-WOCMK,0.0168,0,Low
7815-PDTHL,0.0143,0,Low
9451-LPGOO,0.9005,1,High
9173-IVZVP,0.0105,0,Low
9129-UXERG,0.5201,1,Medium
3635-JBPSG,0.1858,0,Low
7964-ZRKKG,0.15,0,Low
5868-YWPDW,0.8561,1,High
6229-LSCKB,0.8583,1,High
2025-JKFWI,0.612,1,Medium
4078-SAYYN,0.9068,1,High
1724-IQWNM,0.4175,1,Medium
8217-QYOHV,0.252,0,Low
5546-QUERU,0.0447,0,Low
9940-HPQPG,0.5865,1,Medium
6897-UUBNU,0.2664,0,Low
6127-IYJOZ,0.7287,1,High
6618-RYATB,0.859,1,High
8930-XOTDP,0.2492,0,Low
5916-QEWPT,0.4552,1,Medium
5060-TQUQN,0.2925,0,Low
0531-XBKMM,0.0239,0,Low
8465-SBRXP,0.1172,0,Low
2408-PSJVE,0.1338,0,Low
9079-YEXQJ,0.3857,0,Low
9700-ZCLOT,0.472,1,Medium
8738-JOKAR,0.1049,0,Low
4534-WGCIR,0.0215,0,Low
1930-WNXSB,0.5437,1,Medium
2685-SREOM,0.7674,1,High
3508-CFVZL,0.0914,0,Low
0402-CQAJN,0.6803,1,Medium
6692-UDPJC,0.7208,1,High
1273-MTETI,0.9264,1,High
0657-DOGUM,0.0188,0,Low
5480-HPRRX,0.7183,1,High
8792-AOROI,0.07,0,Low
0295-PPHDO,0.9163,1,High
5146-YYFRZ,0.0084,0,Low
1195-OIYEJ,0.8431,1,High
5906-CVLHP,0.24,0,Low
3452-SRFEG,0.436,1,Medium
4070-OKWVH,0.2922,0,Low
5297-MDOIR,0.1037,0,Low
6369-MCAKO,0.0066,0,Low
4926-UMJZD,0.1633,0,Low
6848-HJTXY,0.0198,0,Low
6341-AEVKX,0.2715,0,Low
4501-EQDRN,0.7034,1,High
2990-HWIML,0.8926,1,High
0682-USIXD,0.6226,1,Medium
6976-BWGLQ,0.0026,0,Low
7078-NVFAM,0.2834,0,Low
8065-QBYTO,0.1422,0,Low
2133-TSRRM,0.3375,0,Low
7384-GHBPI,0.8255,1,High
7603-USHJS,0.5852,1,Medium
7234-FECYN,0.7805,1,High
2511-ALLCS,0.0108,0,Low
3191-CSNMG,0.7707,1,High
7952-OBOYL,0.7025,1,High
7470-DYNOE,0.1501,0,Low
7853-OETYL,0.5092,1,Medium
1545-ACTAS,0.2076,0,Low
5876-HZVZM,0.4261,1,Medium
1400-MMYXY,0.866,1,High
5126-RCXYW,0.0369,0,Low
3085-QUOZK,0.7172,1,High
2363-BJLSL,0.1283,0,Low
1956-YIFGE,0.3575,0,Low
3926-CUQZX,0.7116,1,High
7921-LMDFQ,0.2595,0,Low
2925-MXLSX,0.1111,0,Low
5820-PTRYM,0.0643,0,Low
9609-BENEA,0.1179,0,Low
6211-WHMYA,0.2579,0,Low
4459-BBGHE,0.418,1,Medium
9945-PSVIP,0.0481,0,Low
1041-RXHRA,0.3916,0,Low
1750-CSKKM,0.5805,1,Medium
9108-EJFJP,0.4646,1,Medium
0530-IJVDB,0.0849,0,Low
0508-SQWPL,0.0115,0,Low
2215-ZAFGX,0.9088,1,High
8213-TAZPM,0.1589,0,Low
7142-HVGBG,0.785,1,High
1304-SEGFY,0.2348,0,Low
7242-EDTYC,0.0211,0,Low
2904-GGUAZ,0.0389,0,Low
8267-ZNYVZ,0.5523,1,Medium
5136-GFPMB,0.4197,1,Medium
2595-KIWPV,0.0118,0,Low
5243-SAOTC,0.4207,1,Medium
9398-MMQTO,0.4796,1,Medium
7619-PLRLP,0.0655,0,Low
6457-GIRWB,0.893,1,High
6508-NJYRO,0.0398,0,Low
1450-SKCVI,0.629,1,Medium
4710-NKCAW,0.2326,0,Low
5306-BVTKJ,0.1052,0,Low
0357-NVCRI,0.1578,0,Low
5570-PTWEH,0.7751,1,High
2371-KFUOG,0.1586,0,Low
0463-ZSDNT,0.4297,1,Medium
6502-MJQAE,0.9218,1,High
6257-DTAYD,0.1553,0,Low
4616-ULAOA,0.055,0,Low
7693-LCKZL,0.8762,1,High
7746-AWNQW,0.2431,0,Low
5996-EBTKM,0.0354,0,Low
2758-RNWXS,0.2953,0,Low
2314-TNDJQ,0.0163,0,Low
2405-LBMUW,0.0889,0,Low
3454-JFUBC,0.0552,0,Low
0032-PGELS,0.5561,1,Medium
9039-ZVJDC,0.3342,0,Low
6797-LNAQX,0.1153,0,Low
9013-AQORL,0.3845,0,Low
2898-MRKPI,0.3167,0,Low
2750-BJLSB,0.4211,1,Medium
3648-GZPHF,0.1007,0,Low
2075-RMJIK,0.3705,0,Low
9588-YRFHY,0.0257,0,Low
6394-MFYNG,0.6553,1,Medium
1564-NTYXF,0.8791,1,High
9364-YKUVW,0.2464,0,Low
5392-AKEMH,0.5985,1,Medium
2451-YMUXS,0.018,0,Low
3914-FDRHP,0.511,1,Medium
3078-ZKNTS,0.0401,0,Low
1024-KPRBB,0.2998,0,Low
4690-PKDQG,0.6901,1,Medium
8155-IBNHG,0.5599,1,Medium
0886-QGENL,0.6926,1,Medium
9547-ITEFG,0.6321,1,Medium
1264-FUHCX,0.1906,0,Low
7789-CRUVC,0.2357,0,Low
6598-KELSS,0.0943,0,Low
8739-WWKDU,0.7962,1,High
8685-WHQPW,0.5545,1,Medium
4745-LSPLO,0.5587,1,Medium
8083-YTZES,0.6961,1,Medium
7240-FQLHE,0.6187,1,Medium
6664-FPDAC,0.4111,1,Medium
9972-VAFJJ,0.266,0,Low
0422-UXFAP,0.457,1,Medium
1904-WAJAA,0.0989,0,Low
5130-YPIRV,0.0228,0,Low
2843-CQMEG,0.3405,0,Low
6439-PKTRR,0.0534,0,Low
5351-QESIO,0.4629,1,Medium
0786-VSSUD,0.5548,1,Medium
5568-DMXZS,0.3858,0,Low
8468-FZTOE,0.0686,0,Low
6633-SYEUS,0.2521,0,Low
6447-GORXK,0.2933,0,Low
6967-PEJLL,0.1542,0,Low
3976-BWUCK,0.4459,1,Medium
5981-ZVXOT,0.3044,0,Low
1684-FLBGS,0.1746,0,Low
1389-WNUIB,0.1131,0,Low
0376-OIWME,0.432,1,Medium
3585-ISXZP,0.7022,1,High
0218-QNVAS,0.1788,0,Low
6583-QGCSI,0.7349,1,High
0804-YGEQV,0.0426,0,Low
7164-BPTUT,0.0099,0,Low
4174-LPGTI,0.3035,0,Low
2523-EWWZL,0.6079,1,Medium
0928-XUTSN,0.5975,1,Medium
2108-XWMPY,0.5875,1,Medium
0052-YNYOT,0.0779,0,Low
6304-IJFSQ,0.7052,1,High
9586-JGQKH,0.1219,0,Low
4501-VCPFK,0.1943,0,Low
6075-SLNIL,0.5188,1,Medium
9347-AERRL,0.0143,0,Low
0093-XWZFY,0.6632,1,Medium
2274-XUATA,0.0217,0,Low
1980-KXVPM,0.7159,1,High
7703-ZEKEF,0.7883,1,High
0723-DRCLG,0.9353,1,High
5482-NUPNA,0.3223,0,Low
6691-CCIHA,0.0389,0,Low
1685-BQULA,0.4873,1,Medium
9053-EJUNL,0.7472,1,High
0666-UXTJO,0.3956,0,Low
1471-GIQKQ,0.5643,1,Medium
4807-IZYOZ,0.0247,0,Low
1122-JWTJW,0.7996,1,High
9710-NJERN,0.0063,0,Low
9837-FWLCH,0.2713,0,Low
1699-HPSBG,0.3915,0,Low
7203-OYKCT,0.3736,0,Low
1035-IPQPU,0.7142,1,High
7398-LXGYX,0.334,0,Low
2823-LKABH,0.3867,0,Low
8775-CEBBJ,0.5336,1,Medium
0550-DCXLH,0.2237,0,Low
9281-CEDRU,0.0217,0,Low
2235-DWLJU,0.6847,1,Medium
0871-OPBXW,0.3088,0,Low
3605-JISKB,0.094,0,Low
6894-LFHLY,0.9355,1,High
9767-FFLEM,0.492,1,Medium
0639-TSIQW,0.3768,0,Low
8456-QDAVC,0.5009,1,Medium
7750-EYXWZ,0.2037,0,Low
2569-WGERO,0.0102,0,Low
6840-RESVB,0.146,0,Low
2234-XADUH,0.1884,0,Low
4801-JZAZL,0.3605,0,Low
8361-LTMKD,0.7813,1,High
3186-AJIEK,0.1178,0,Low
